dataset,mode,bit_setting,bits,metric,n,mean,std,sem,ci95_low,ci95_high,model_id,query_source
captured,exact,exact,,decode_seconds,4,0.02865742499852786,0.05420230545607287,0.027101152728036437,-0.05759053836974118,0.1149053883667969,H:\Qwen3.5-9B-official-hf,captured
captured,exact,exact,,hidden_cosine_similarity,4,1.0,0.0,0.0,1.0,1.0,H:\Qwen3.5-9B-official-hf,captured
captured,exact,exact,,hidden_mae,4,0.0,0.0,0.0,0.0,0.0,H:\Qwen3.5-9B-official-hf,captured
captured,exact,exact,,hidden_mse,4,0.0,0.0,0.0,0.0,0.0,H:\Qwen3.5-9B-official-hf,captured
captured,exact,exact,,logit_cosine_similarity,4,1.0,0.0,0.0,1.0,1.0,H:\Qwen3.5-9B-official-hf,captured
captured,exact,exact,,logit_mae,4,0.0,0.0,0.0,0.0,0.0,H:\Qwen3.5-9B-official-hf,captured
captured,exact,exact,,logit_mse,4,0.0,0.0,0.0,0.0,0.0,H:\Qwen3.5-9B-official-hf,captured
captured,exact,exact,,logit_spearman,4,1.0,0.0,0.0,1.0,1.0,H:\Qwen3.5-9B-official-hf,captured
captured,exact,exact,,logit_top1_match,4,1.0,0.0,0.0,1.0,1.0,H:\Qwen3.5-9B-official-hf,captured
captured,exact,exact,,logit_top5_match,4,1.0,0.0,0.0,1.0,1.0,H:\Qwen3.5-9B-official-hf,captured
captured,exact,exact,,logit_top5_overlap,4,1.0,0.0,0.0,1.0,1.0,H:\Qwen3.5-9B-official-hf,captured
captured,exact,exact,,memory_bits,4,598016.0,170004.56100548204,85002.28050274102,327500.8064733625,868531.1935266375,H:\Qwen3.5-9B-official-hf,captured
captured,exact,exact,,memory_ratio_vs_exact,4,1.0,0.0,0.0,1.0,1.0,H:\Qwen3.5-9B-official-hf,captured
captured,exact,exact,,peak_vram_mb,4,14.31787109375,4.068733362963718,2.034366681481859,7.843608364675781,20.79213382282422,H:\Qwen3.5-9B-official-hf,captured
captured,exact,exact,,prefill_seconds,4,0.0007128500001272187,0.00027745984974050043,0.00013872992487025022,0.0002713494632916045,0.0011543505369628329,H:\Qwen3.5-9B-official-hf,captured
captured,full_kv,2,2.0,decode_seconds,4,0.0035823999969579745,0.0013872013913094152,0.0006936006956547076,0.001375053025729441,0.0057897469681865085,H:\Qwen3.5-9B-official-hf,captured
captured,full_kv,2,2.0,hidden_cosine_similarity,4,0.9404296875,0.006671191904921613,0.0033355959524608066,0.9298143324851719,0.9510450425148281,H:\Qwen3.5-9B-official-hf,captured
captured,full_kv,2,2.0,hidden_mae,4,0.204345703125,0.02486401768842581,0.012432008844212906,0.16478150251148027,0.24390990373851973,H:\Qwen3.5-9B-official-hf,captured
captured,full_kv,2,2.0,hidden_mse,4,0.07025146484375,0.01700169673567871,0.008500848367839355,0.04319797136374261,0.09730495832375739,H:\Qwen3.5-9B-official-hf,captured
captured,full_kv,2,2.0,logit_cosine_similarity,4,0.9970703125,0.001953125,0.0009765625,0.9939624547799963,1.0001781702200037,H:\Qwen3.5-9B-official-hf,captured
captured,full_kv,2,2.0,logit_mae,4,14.546875,0.8026242764623225,0.40131213823116124,13.269720668420737,15.824029331579263,H:\Qwen3.5-9B-official-hf,captured
captured,full_kv,2,2.0,logit_mse,4,336.0,29.43920288775949,14.719601443879744,289.15565876967617,382.84434123032383,H:\Qwen3.5-9B-official-hf,captured
captured,full_kv,2,2.0,logit_spearman,4,0.9783432632684708,0.007001199815077885,0.0035005999075389425,0.967202792026447,0.9894837345104945,H:\Qwen3.5-9B-official-hf,captured
captured,full_kv,2,2.0,logit_top1_match,4,1.0,0.0,0.0,1.0,1.0,H:\Qwen3.5-9B-official-hf,captured
captured,full_kv,2,2.0,logit_top5_match,4,1.0,0.0,0.0,1.0,1.0,H:\Qwen3.5-9B-official-hf,captured
captured,full_kv,2,2.0,logit_top5_overlap,4,0.8343750089406967,0.059839168295180815,0.029919584147590408,0.7391575389145726,0.9295924789668208,H:\Qwen3.5-9B-official-hf,captured
captured,full_kv,2,2.0,memory_bits,4,78256.0,22246.690600326754,11123.345300163377,42856.55084710017,113655.44915289983,H:\Qwen3.5-9B-official-hf,captured
captured,full_kv,2,2.0,memory_ratio_vs_exact,4,0.130859375,0.0,0.0,0.130859375,0.130859375,H:\Qwen3.5-9B-official-hf,captured
captured,full_kv,2,2.0,peak_vram_mb,4,17.69775390625,0.2639929805939869,0.13199649029699345,17.277682163393916,18.117825649106084,H:\Qwen3.5-9B-official-hf,captured
captured,full_kv,2,2.0,prefill_seconds,4,0.012549200000648852,0.0025440822418733504,0.0012720411209366752,0.008500997435154985,0.01659740256614272,H:\Qwen3.5-9B-official-hf,captured
captured,full_kv,2.5,2.5,decode_seconds,4,0.0041233750016544946,0.0009362078515837359,0.00046810392579186796,0.0026336593925293653,0.005613090610779624,H:\Qwen3.5-9B-official-hf,captured
captured,full_kv,2.5,2.5,hidden_cosine_similarity,4,0.958984375,0.00390625,0.001953125,0.9527686595599928,0.9652000904400072,H:\Qwen3.5-9B-official-hf,captured
captured,full_kv,2.5,2.5,hidden_mae,4,0.171875,0.021020682670524662,0.010510341335262331,0.13842640305032378,0.20532359694967622,H:\Qwen3.5-9B-official-hf,captured
captured,full_kv,2.5,2.5,hidden_mse,4,0.04931640625,0.01184522409248848,0.00592261204624424,0.030468011425801238,0.06816480107419876,H:\Qwen3.5-9B-official-hf,captured
captured,full_kv,2.5,2.5,logit_cosine_similarity,4,0.998046875,0.00390625,0.001953125,0.9918311595599928,1.0042625904400073,H:\Qwen3.5-9B-official-hf,captured
captured,full_kv,2.5,2.5,logit_mae,4,11.234375,0.7661031670082039,0.38305158350410196,10.015333903344297,12.453416096655703,H:\Qwen3.5-9B-official-hf,captured
captured,full_kv,2.5,2.5,logit_mse,4,202.0,26.49528259898354,13.24764129949177,159.84009289270855,244.15990710729145,H:\Qwen3.5-9B-official-hf,captured
captured,full_kv,2.5,2.5,logit_spearman,4,0.982501745223999,0.005253084658250005,0.0026265423291250024,0.9741429152930039,0.9908605751549941,H:\Qwen3.5-9B-official-hf,captured
captured,full_kv,2.5,2.5,logit_top1_match,4,1.0,0.0,0.0,1.0,1.0,H:\Qwen3.5-9B-official-hf,captured
captured,full_kv,2.5,2.5,logit_top5_match,4,1.0,0.0,0.0,1.0,1.0,H:\Qwen3.5-9B-official-hf,captured
captured,full_kv,2.5,2.5,logit_top5_overlap,4,0.8562500178813934,0.05253966471765484,0.02626983235882742,0.7726476869506207,0.9398523488121662,H:\Qwen3.5-9B-official-hf,captured
captured,full_kv,2.5,2.5,memory_bits,4,87600.0,24903.01186603741,12451.505933018705,47973.75094824646,127226.24905175355,H:\Qwen3.5-9B-official-hf,captured
captured,full_kv,2.5,2.5,memory_ratio_vs_exact,4,0.146484375,0.0,0.0,0.146484375,0.146484375,H:\Qwen3.5-9B-official-hf,captured
captured,full_kv,2.5,2.5,peak_vram_mb,4,17.5472412109375,0.22092748170519044,0.11046374085259522,17.195696286993343,17.898786134881657,H:\Qwen3.5-9B-official-hf,captured
captured,full_kv,2.5,2.5,prefill_seconds,4,0.026739224998891586,0.011259086685427577,0.005629543342713789,0.008823505587437597,0.04465494441034558,H:\Qwen3.5-9B-official-hf,captured
captured,full_kv,3.5,3.5,decode_seconds,4,0.00500599999941187,0.0029072249436600498,0.0014536124718300249,0.0003799563591220896,0.00963204363970165,H:\Qwen3.5-9B-official-hf,captured
captured,full_kv,3.5,3.5,hidden_cosine_similarity,4,0.9873046875,0.001953125,0.0009765625,0.9841968297799963,0.9904125452200037,H:\Qwen3.5-9B-official-hf,captured
captured,full_kv,3.5,3.5,hidden_mae,4,0.0909423828125,0.010596003139953802,0.005298001569976901,0.07408177729073973,0.10780298833426027,H:\Qwen3.5-9B-official-hf,captured
captured,full_kv,3.5,3.5,hidden_mse,4,0.0138702392578125,0.0031633939154400797,0.0015816969577200398,0.008836573618637877,0.018903904896987123,H:\Qwen3.5-9B-official-hf,captured
captured,full_kv,3.5,3.5,logit_cosine_similarity,4,0.9970703125,0.0037399496396731957,0.0018699748198365979,0.9911192180436375,1.0030214069563625,H:\Qwen3.5-9B-official-hf,captured
captured,full_kv,3.5,3.5,logit_mae,4,7.21875,0.31970852610880846,0.15985426305440423,6.710022391158661,7.727477608841339,H:\Qwen3.5-9B-official-hf,captured
captured,full_kv,3.5,3.5,logit_mse,4,85.5,12.36931687685298,6.18465843842649,65.81765660318791,105.18234339681209,H:\Qwen3.5-9B-official-hf,captured
captured,full_kv,3.5,3.5,logit_spearman,4,0.9906679540872574,0.002271260823629739,0.0011356304118148694,0.9870538712790093,0.9942820368955054,H:\Qwen3.5-9B-official-hf,captured
captured,full_kv,3.5,3.5,logit_top1_match,4,1.0,0.0,0.0,1.0,1.0,H:\Qwen3.5-9B-official-hf,captured
captured,full_kv,3.5,3.5,logit_top5_match,4,1.0,0.0,0.0,1.0,1.0,H:\Qwen3.5-9B-official-hf,captured
captured,full_kv,3.5,3.5,logit_top5_overlap,4,0.887499988079071,0.04448782270064804,0.02224391135032402,0.816709934587174,0.9582900415709681,H:\Qwen3.5-9B-official-hf,captured
captured,full_kv,3.5,3.5,memory_bits,4,124976.0,35528.29692888004,17764.14846444002,68442.55135283161,181509.4486471684,H:\Qwen3.5-9B-official-hf,captured
captured,full_kv,3.5,3.5,memory_ratio_vs_exact,4,0.208984375,0.0,0.0,0.208984375,0.208984375,H:\Qwen3.5-9B-official-hf,captured
captured,full_kv,3.5,3.5,peak_vram_mb,4,17.5472412109375,0.22092748170519044,0.11046374085259522,17.195696286993343,17.898786134881657,H:\Qwen3.5-9B-official-hf,captured
captured,full_kv,3.5,3.5,prefill_seconds,4,0.05915537499458878,0.06264508315751362,0.03132254157875681,-0.040526931724821136,0.1588376817139987,H:\Qwen3.5-9B-official-hf,captured
captured,full_kv,4,4.0,decode_seconds,4,0.0027786999999079853,0.00039210519601254925,0.00019605259800627463,0.0021547731337416445,0.003402626866074326,H:\Qwen3.5-9B-official-hf,captured
captured,full_kv,4,4.0,hidden_cosine_similarity,4,0.9951171875,0.001953125,0.0009765625,0.9920093297799963,0.9982250452200037,H:\Qwen3.5-9B-official-hf,captured
captured,full_kv,4,4.0,hidden_mae,4,0.05780029296875,0.0066633695157881445,0.0033316847578940723,0.04719738512061997,0.06840320081688003,H:\Qwen3.5-9B-official-hf,captured
captured,full_kv,4,4.0,hidden_mse,4,0.00563812255859375,0.0013155341783014278,0.0006577670891507139,0.0035448141159888412,0.007731431001198659,H:\Qwen3.5-9B-official-hf,captured
captured,full_kv,4,4.0,logit_cosine_similarity,4,0.998046875,0.00390625,0.001953125,0.9918311595599928,1.0042625904400073,H:\Qwen3.5-9B-official-hf,captured
captured,full_kv,4,4.0,logit_mae,4,4.8203125,0.2845580912426612,0.1422790456213306,4.367517076943105,5.273107923056895,H:\Qwen3.5-9B-official-hf,captured
captured,full_kv,4,4.0,logit_mse,4,37.1875,4.394006334390822,2.197003167195411,30.19565538786236,44.17934461213764,H:\Qwen3.5-9B-official-hf,captured
captured,full_kv,4,4.0,logit_spearman,4,0.9939163327217102,0.0015086539225770883,0.0007543269612885441,0.9915157276707816,0.9963169377726389,H:\Qwen3.5-9B-official-hf,captured
captured,full_kv,4,4.0,logit_top1_match,4,1.0,0.0,0.0,1.0,1.0,H:\Qwen3.5-9B-official-hf,captured
captured,full_kv,4,4.0,logit_top5_match,4,1.0,0.0,0.0,1.0,1.0,H:\Qwen3.5-9B-official-hf,captured
captured,full_kv,4,4.0,logit_top5_overlap,4,0.934374988079071,0.023662124404977926,0.011831062202488963,0.8967232678851783,0.9720267082729638,H:\Qwen3.5-9B-official-hf,captured
captured,full_kv,4,4.0,memory_bits,4,153008.0,43497.260726012006,21748.630363006003,83794.15165627048,222221.8483437295,H:\Qwen3.5-9B-official-hf,captured
captured,full_kv,4,4.0,memory_ratio_vs_exact,4,0.255859375,0.0,0.0,0.255859375,0.255859375,H:\Qwen3.5-9B-official-hf,captured
captured,full_kv,4,4.0,peak_vram_mb,4,17.69775390625,0.2639929805939869,0.13199649029699345,17.277682163393916,18.117825649106084,H:\Qwen3.5-9B-official-hf,captured
captured,full_kv,4,4.0,prefill_seconds,4,0.012888099998235703,0.0027975705934262193,0.0013987852967131096,0.008436540898825892,0.017339659097645514,H:\Qwen3.5-9B-official-hf,captured
captured,key_only_block_so8_learned,2,2.0,decode_seconds,4,0.002796750002744375,0.0010064869926344313,0.0005032434963172156,0.0011952045972315967,0.004398295408257153,H:\Qwen3.5-9B-official-hf,captured
captured,key_only_block_so8_learned,2,2.0,hidden_cosine_similarity,4,1.0009765625,0.004915256793796061,0.0024576283968980304,0.9931552920885316,1.0087978329114684,H:\Qwen3.5-9B-official-hf,captured
captured,key_only_block_so8_learned,2,2.0,hidden_mae,4,0.00885772705078125,0.0020484509928588943,0.0010242254964294472,0.005598184403891985,0.012117269697670515,H:\Qwen3.5-9B-official-hf,captured
captured,key_only_block_so8_learned,2,2.0,hidden_mse,4,0.0003952980041503906,0.0002558283569784274,0.0001279141784892137,-1.1782000576008212e-05,0.0008023780088767895,H:\Qwen3.5-9B-official-hf,captured
captured,key_only_block_so8_learned,2,2.0,logit_cosine_similarity,4,0.99609375,0.00318943976924893,0.001594719884624465,0.9910186395952144,1.0011688604047857,H:\Qwen3.5-9B-official-hf,captured
captured,key_only_block_so8_learned,2,2.0,logit_mae,4,16.75,0.44487826050130463,0.22243913025065232,16.04209941178329,17.45790058821671,H:\Qwen3.5-9B-official-hf,captured
captured,key_only_block_so8_learned,2,2.0,logit_mse,4,448.5,29.13760456866693,14.568802284333465,402.1355689978141,494.8644310021859,H:\Qwen3.5-9B-official-hf,captured
captured,key_only_block_so8_learned,2,2.0,logit_spearman,4,0.9748874455690384,0.002622950446789467,0.0013114752233947336,0.9707137460898747,0.9790611450482021,H:\Qwen3.5-9B-official-hf,captured
captured,key_only_block_so8_learned,2,2.0,logit_top1_match,4,1.0,0.0,0.0,1.0,1.0,H:\Qwen3.5-9B-official-hf,captured
captured,key_only_block_so8_learned,2,2.0,logit_top5_match,4,1.0,0.0,0.0,1.0,1.0,H:\Qwen3.5-9B-official-hf,captured
captured,key_only_block_so8_learned,2,2.0,logit_top5_overlap,4,0.8000000268220901,0.044487805953183586,0.022243902976591793,0.7292099999791464,0.8707900536650339,H:\Qwen3.5-9B-official-hf,captured
captured,key_only_block_so8_learned,2,2.0,memory_bits,4,338720.0,96291.64588201132,48145.82294100566,185498.50366655298,491941.49633344705,H:\Qwen3.5-9B-official-hf,captured
captured,key_only_block_so8_learned,2,2.0,memory_ratio_vs_exact,4,0.56640625,0.0,0.0,0.56640625,0.56640625,H:\Qwen3.5-9B-official-hf,captured
captured,key_only_block_so8_learned,2,2.0,peak_vram_mb,4,17.64453125,0.2485266823313903,0.12426334116569515,17.249069839025026,18.039992660974974,H:\Qwen3.5-9B-official-hf,captured
captured,key_only_block_so8_learned,2,2.0,prefill_seconds,4,0.006338399995001964,0.0010758338356997442,0.0005379169178498721,0.004626508287241039,0.008050291702762889,H:\Qwen3.5-9B-official-hf,captured
captured,key_only_block_so8_learned,2.5,2.5,decode_seconds,4,0.003514849999191938,0.0008282471422314262,0.0004141235711157131,0.002196923970363842,0.004832776028020034,H:\Qwen3.5-9B-official-hf,captured
captured,key_only_block_so8_learned,2.5,2.5,hidden_cosine_similarity,4,0.998046875,0.0067658234670659265,0.0033829117335329633,0.9872809400525171,1.008812809947483,H:\Qwen3.5-9B-official-hf,captured
captured,key_only_block_so8_learned,2.5,2.5,hidden_mae,4,0.01025390625,0.0021113812360220715,0.0010556906180110358,0.006894227543188105,0.013613584956811895,H:\Qwen3.5-9B-official-hf,captured
captured,key_only_block_so8_learned,2.5,2.5,hidden_mse,4,0.0006351470947265625,0.0004140513719631836,0.0002070256859815918,-2.37010347243794e-05,0.0012939952241775043,H:\Qwen3.5-9B-official-hf,captured
captured,key_only_block_so8_learned,2.5,2.5,logit_cosine_similarity,4,0.9970703125,0.001953125,0.0009765625,0.9939624547799963,1.0001781702200037,H:\Qwen3.5-9B-official-hf,captured
captured,key_only_block_so8_learned,2.5,2.5,logit_mae,4,13.625,0.5179084539440022,0.2589542269720011,12.800892077135357,14.449107922864643,H:\Qwen3.5-9B-official-hf,captured
captured,key_only_block_so8_learned,2.5,2.5,logit_mse,4,303.0,22.181073012818835,11.090536506409418,267.70496307156327,338.29503692843673,H:\Qwen3.5-9B-official-hf,captured
captured,key_only_block_so8_learned,2.5,2.5,logit_spearman,4,0.9780832827091217,0.0052920602060784515,0.0026460301030392258,0.9696624339840351,0.9865041314342083,H:\Qwen3.5-9B-official-hf,captured
captured,key_only_block_so8_learned,2.5,2.5,logit_top1_match,4,1.0,0.0,0.0,1.0,1.0,H:\Qwen3.5-9B-official-hf,captured
captured,key_only_block_so8_learned,2.5,2.5,logit_top5_match,4,1.0,0.0,0.0,1.0,1.0,H:\Qwen3.5-9B-official-hf,captured
captured,key_only_block_so8_learned,2.5,2.5,logit_top5_overlap,4,0.8499999791383743,0.030618616918095694,0.015309308459047847,0.8012789269964289,0.8987210312803198,H:\Qwen3.5-9B-official-hf,captured
captured,key_only_block_so8_learned,2.5,2.5,memory_bits,4,343392.0,97619.80651486665,48809.903257433325,188057.1037171261,498726.89628287393,H:\Qwen3.5-9B-official-hf,captured
captured,key_only_block_so8_learned,2.5,2.5,memory_ratio_vs_exact,4,0.57421875,0.0,0.0,0.57421875,0.57421875,H:\Qwen3.5-9B-official-hf,captured
captured,key_only_block_so8_learned,2.5,2.5,peak_vram_mb,4,17.4930419921875,0.20546117461614988,0.10273058730807494,17.166107414169293,17.819976570205707,H:\Qwen3.5-9B-official-hf,captured
captured,key_only_block_so8_learned,2.5,2.5,prefill_seconds,4,0.008936625003116205,0.0008603927498031958,0.0004301963749015979,0.00756754813926417,0.01030570186696824,H:\Qwen3.5-9B-official-hf,captured
captured,key_only_block_so8_learned,3.5,3.5,decode_seconds,4,0.0029523250050260685,0.00029217167316158895,0.00014608583658079447,0.0024874146741452395,0.0034172353359068976,H:\Qwen3.5-9B-official-hf,captured
captured,key_only_block_so8_learned,3.5,3.5,hidden_cosine_similarity,4,0.998046875,0.00390625,0.001953125,0.9918311595599928,1.0042625904400073,H:\Qwen3.5-9B-official-hf,captured
captured,key_only_block_so8_learned,3.5,3.5,hidden_mae,4,0.005603790283203125,0.0027189596511403916,0.0013594798255701958,0.001277318735209516,0.009930261831196734,H:\Qwen3.5-9B-official-hf,captured
captured,key_only_block_so8_learned,3.5,3.5,hidden_mse,4,0.00018090009689331055,0.00016803434915719847,8.401717457859924e-05,-8.648004992472885e-05,0.00044828024371134994,H:\Qwen3.5-9B-official-hf,captured
captured,key_only_block_so8_learned,3.5,3.5,logit_cosine_similarity,4,1.0,0.0,0.0,1.0,1.0,H:\Qwen3.5-9B-official-hf,captured
captured,key_only_block_so8_learned,3.5,3.5,logit_mae,4,8.5546875,0.6385892451007402,0.3192946225503701,7.538549508167619,9.570825491832382,H:\Qwen3.5-9B-official-hf,captured
captured,key_only_block_so8_learned,3.5,3.5,logit_mse,4,111.875,14.285044627161653,7.142522313580827,89.14430625273826,134.60569374726174,H:\Qwen3.5-9B-official-hf,captured
captured,key_only_block_so8_learned,3.5,3.5,logit_spearman,4,0.9890263825654984,0.0014371833561262108,0.0007185916780631054,0.9867395031346388,0.9913132619963579,H:\Qwen3.5-9B-official-hf,captured
captured,key_only_block_so8_learned,3.5,3.5,logit_top1_match,4,1.0,0.0,0.0,1.0,1.0,H:\Qwen3.5-9B-official-hf,captured
captured,key_only_block_so8_learned,3.5,3.5,logit_top5_match,4,1.0,0.0,0.0,1.0,1.0,H:\Qwen3.5-9B-official-hf,captured
captured,key_only_block_so8_learned,3.5,3.5,logit_top5_overlap,4,0.8937499970197678,0.042695642733545,0.0213478213667725,0.825811701785226,0.9616882922543095,H:\Qwen3.5-9B-official-hf,captured
captured,key_only_block_so8_learned,3.5,3.5,memory_bits,4,362080.0,102932.44904628795,51466.224523143974,198291.5039194187,525868.4960805813,H:\Qwen3.5-9B-official-hf,captured
captured,key_only_block_so8_learned,3.5,3.5,memory_ratio_vs_exact,4,0.60546875,0.0,0.0,0.60546875,0.60546875,H:\Qwen3.5-9B-official-hf,captured
captured,key_only_block_so8_learned,3.5,3.5,peak_vram_mb,4,17.4930419921875,0.20546117461614988,0.10273058730807494,17.166107414169293,17.819976570205707,H:\Qwen3.5-9B-official-hf,captured
captured,key_only_block_so8_learned,3.5,3.5,prefill_seconds,4,0.008762600002228282,0.0009092428461460963,0.00045462142307304816,0.007315791734066639,0.010209408270389925,H:\Qwen3.5-9B-official-hf,captured
captured,key_only_block_so8_learned,4,4.0,decode_seconds,4,0.00280912500602426,0.001022175057865054,0.000511087528932527,0.0011826163878963594,0.004435633624152161,H:\Qwen3.5-9B-official-hf,captured
captured,key_only_block_so8_learned,4,4.0,hidden_cosine_similarity,4,0.998046875,0.00390625,0.001953125,0.9918311595599928,1.0042625904400073,H:\Qwen3.5-9B-official-hf,captured
captured,key_only_block_so8_learned,4,4.0,hidden_mae,4,0.003570556640625,0.0011748937296663226,0.0005874468648331613,0.0017010385360862082,0.005440074745163791,H:\Qwen3.5-9B-official-hf,captured
captured,key_only_block_so8_learned,4,4.0,hidden_mse,4,7.709860801696777e-05,6.053213862391206e-05,3.026606931195603e-05,-1.9221532440327313e-05,0.00017341874847426287,H:\Qwen3.5-9B-official-hf,captured
captured,key_only_block_so8_learned,4,4.0,logit_cosine_similarity,4,0.9990234375,0.001953125,0.0009765625,0.9959155797799963,1.0021312952200037,H:\Qwen3.5-9B-official-hf,captured
captured,key_only_block_so8_learned,4,4.0,logit_mae,4,6.2578125,0.4287632104378826,0.2143816052189413,5.57555455255019,6.94007044744981,H:\Qwen3.5-9B-official-hf,captured
captured,key_only_block_so8_learned,4,4.0,logit_mse,4,61.9375,10.774922660201943,5.3874613301009715,44.792193595161315,79.08280640483869,H:\Qwen3.5-9B-official-hf,captured
captured,key_only_block_so8_learned,4,4.0,logit_spearman,4,0.9929435551166534,0.001386073482284493,0.0006930367411422465,0.9907380029003794,0.9951491073329275,H:\Qwen3.5-9B-official-hf,captured
captured,key_only_block_so8_learned,4,4.0,logit_top1_match,4,1.0,0.0,0.0,1.0,1.0,H:\Qwen3.5-9B-official-hf,captured
captured,key_only_block_so8_learned,4,4.0,logit_top5_match,4,1.0,0.0,0.0,1.0,1.0,H:\Qwen3.5-9B-official-hf,captured
captured,key_only_block_so8_learned,4,4.0,logit_top5_overlap,4,0.9312499910593033,0.033071916169590626,0.016535958084795313,0.8786251923480202,0.9838747897705864,H:\Qwen3.5-9B-official-hf,captured
captured,key_only_block_so8_learned,4,4.0,memory_bits,4,376096.0,106916.93094485394,53458.46547242697,205967.30407113812,546224.6959288619,H:\Qwen3.5-9B-official-hf,captured
captured,key_only_block_so8_learned,4,4.0,memory_ratio_vs_exact,4,0.62890625,0.0,0.0,0.62890625,0.62890625,H:\Qwen3.5-9B-official-hf,captured
captured,key_only_block_so8_learned,4,4.0,peak_vram_mb,4,17.64453125,0.2485266823313903,0.12426334116569515,17.249069839025026,18.039992660974974,H:\Qwen3.5-9B-official-hf,captured
captured,key_only_block_so8_learned,4,4.0,prefill_seconds,4,0.00754005000271718,0.002715798600431701,0.0013578993002158505,0.003218608391797915,0.011861491613636446,H:\Qwen3.5-9B-official-hf,captured
captured,key_only_block_so8_static,2,2.0,decode_seconds,4,0.003009449996170588,0.0009569124289685572,0.0004784562144842786,0.0014867887841450663,0.00453211120819611,H:\Qwen3.5-9B-official-hf,captured
captured,key_only_block_so8_static,2,2.0,hidden_cosine_similarity,4,1.0,0.0,0.0,1.0,1.0,H:\Qwen3.5-9B-official-hf,captured
captured,key_only_block_so8_static,2,2.0,hidden_mae,4,0.01192474365234375,0.003936915431831683,0.0019684577159158416,0.0056602326672201735,0.018189254637467327,H:\Qwen3.5-9B-official-hf,captured
captured,key_only_block_so8_static,2,2.0,hidden_mse,4,0.0013210773468017578,0.0008191129281959766,0.0004095564640979883,1.768589082805556e-05,0.0026244688027754603,H:\Qwen3.5-9B-official-hf,captured
captured,key_only_block_so8_static,2,2.0,logit_cosine_similarity,4,0.9970703125,0.0037399496396731957,0.0018699748198365979,0.9911192180436375,1.0030214069563625,H:\Qwen3.5-9B-official-hf,captured
captured,key_only_block_so8_static,2,2.0,logit_mae,4,15.984375,1.4527049123961824,0.7263524561980912,13.67279730943864,18.29595269056136,H:\Qwen3.5-9B-official-hf,captured
captured,key_only_block_so8_static,2,2.0,logit_mse,4,398.5,62.66046068561365,31.330230342806825,298.7932242018469,498.2067757981531,H:\Qwen3.5-9B-official-hf,captured
captured,key_only_block_so8_static,2,2.0,logit_spearman,4,0.9754167795181274,0.007409675650424774,0.003704837825212387,0.9636263320696049,0.98720722696665,H:\Qwen3.5-9B-official-hf,captured
captured,key_only_block_so8_static,2,2.0,logit_top1_match,4,1.0,0.0,0.0,1.0,1.0,H:\Qwen3.5-9B-official-hf,captured
captured,key_only_block_so8_static,2,2.0,logit_top5_match,4,1.0,0.0,0.0,1.0,1.0,H:\Qwen3.5-9B-official-hf,captured
captured,key_only_block_so8_static,2,2.0,logit_top5_overlap,4,0.8437500149011612,0.07534637832805167,0.03767318916402584,0.723857113237853,0.9636429165644694,H:\Qwen3.5-9B-official-hf,captured
captured,key_only_block_so8_static,2,2.0,memory_bits,4,338720.0,96291.64588201132,48145.82294100566,185498.50366655298,491941.49633344705,H:\Qwen3.5-9B-official-hf,captured
captured,key_only_block_so8_static,2,2.0,memory_ratio_vs_exact,4,0.56640625,0.0,0.0,0.56640625,0.56640625,H:\Qwen3.5-9B-official-hf,captured
captured,key_only_block_so8_static,2,2.0,peak_vram_mb,4,15.6103515625,4.141278197390851,2.0706390986954255,9.020653813280756,22.200049311719244,H:\Qwen3.5-9B-official-hf,captured
captured,key_only_block_so8_static,2,2.0,prefill_seconds,4,0.008789200004684972,0.0021487690712525456,0.0010743845356262728,0.005370028908827188,0.012208371100542756,H:\Qwen3.5-9B-official-hf,captured
captured,key_only_block_so8_static,2.5,2.5,decode_seconds,4,0.00463757499892381,0.001663973513548764,0.000831986756774382,0.001989821818782203,0.007285328179065418,H:\Qwen3.5-9B-official-hf,captured
captured,key_only_block_so8_static,2.5,2.5,hidden_cosine_similarity,4,0.998046875,0.009830513587592122,0.004915256793796061,0.9824043341770631,1.0136894158229368,H:\Qwen3.5-9B-official-hf,captured
captured,key_only_block_so8_static,2.5,2.5,hidden_mae,4,0.01721954345703125,0.009853551333375014,0.004926775666687507,0.0015403444396199194,0.03289874247444258,H:\Qwen3.5-9B-official-hf,captured
captured,key_only_block_so8_static,2.5,2.5,hidden_mse,4,0.0026793479919433594,0.0033294810073541746,0.0016647405036770873,-0.0026185992732399256,0.007977295257126645,H:\Qwen3.5-9B-official-hf,captured
captured,key_only_block_so8_static,2.5,2.5,logit_cosine_similarity,4,0.998046875,0.0022552744890219755,0.0011276372445109878,0.9944582300175057,1.0016355199824942,H:\Qwen3.5-9B-official-hf,captured
captured,key_only_block_so8_static,2.5,2.5,logit_mae,4,13.953125,1.679669331297086,0.839834665648543,11.280396271257615,16.625853728742385,H:\Qwen3.5-9B-official-hf,captured
captured,key_only_block_so8_static,2.5,2.5,logit_mse,4,319.0,62.875538433744914,31.437769216872457,218.95098750940235,419.04901249059765,H:\Qwen3.5-9B-official-hf,captured
captured,key_only_block_so8_static,2.5,2.5,logit_spearman,4,0.9775732606649399,0.007325158722286395,0.0036625793611431974,0.9659172985092613,0.9892292228206184,H:\Qwen3.5-9B-official-hf,captured
captured,key_only_block_so8_static,2.5,2.5,logit_top1_match,4,1.0,0.0,0.0,1.0,1.0,H:\Qwen3.5-9B-official-hf,captured
captured,key_only_block_so8_static,2.5,2.5,logit_top5_match,4,1.0,0.0,0.0,1.0,1.0,H:\Qwen3.5-9B-official-hf,captured
captured,key_only_block_so8_static,2.5,2.5,logit_top5_overlap,4,0.8343749940395355,0.0632249263607005,0.03161246318035025,0.7337700273903126,0.9349799606887584,H:\Qwen3.5-9B-official-hf,captured
captured,key_only_block_so8_static,2.5,2.5,memory_bits,4,343392.0,97619.80651486665,48809.903257433325,188057.1037171261,498726.89628287393,H:\Qwen3.5-9B-official-hf,captured
captured,key_only_block_so8_static,2.5,2.5,memory_ratio_vs_exact,4,0.57421875,0.0,0.0,0.57421875,0.57421875,H:\Qwen3.5-9B-official-hf,captured
captured,key_only_block_so8_static,2.5,2.5,peak_vram_mb,4,17.4901123046875,0.20546117461614988,0.10273058730807494,17.163177726669293,17.817046882705707,H:\Qwen3.5-9B-official-hf,captured
captured,key_only_block_so8_static,2.5,2.5,prefill_seconds,4,0.012956975006090943,0.004963388240957676,0.002481694120478838,0.0050591167215287645,0.020854833290653123,H:\Qwen3.5-9B-official-hf,captured
captured,key_only_block_so8_static,3.5,3.5,decode_seconds,4,0.005028875002608402,0.0021210075174591643,0.0010605037587295822,0.0016538787338999583,0.008403871271316844,H:\Qwen3.5-9B-official-hf,captured
captured,key_only_block_so8_static,3.5,3.5,hidden_cosine_similarity,4,0.9990234375,0.001953125,0.0009765625,0.9959155797799963,1.0021312952200037,H:\Qwen3.5-9B-official-hf,captured
captured,key_only_block_so8_static,3.5,3.5,hidden_mae,4,0.005634307861328125,0.0018995149597069193,0.0009497574798534597,0.0026117556786529167,0.008656860044003333,H:\Qwen3.5-9B-official-hf,captured
captured,key_only_block_so8_static,3.5,3.5,hidden_mse,4,0.00015246868133544922,0.00013330896500671397,6.665448250335699e-05,-5.965563023795678e-05,0.00036459299290885524,H:\Qwen3.5-9B-official-hf,captured
captured,key_only_block_so8_static,3.5,3.5,logit_cosine_similarity,4,1.0,0.0,0.0,1.0,1.0,H:\Qwen3.5-9B-official-hf,captured
captured,key_only_block_so8_static,3.5,3.5,logit_mae,4,8.578125,0.6067652449671125,0.30338262248355624,7.612626093989925,9.543623906010076,H:\Qwen3.5-9B-official-hf,captured
captured,key_only_block_so8_static,3.5,3.5,logit_mse,4,119.25,16.2916133843971,8.14580669219855,93.32640758885742,145.17359241114258,H:\Qwen3.5-9B-official-hf,captured
captured,key_only_block_so8_static,3.5,3.5,logit_spearman,4,0.9881928563117981,0.0029260533247980245,0.0014630266623990122,0.9835368525155148,0.9928488601080814,H:\Qwen3.5-9B-official-hf,captured
captured,key_only_block_so8_static,3.5,3.5,logit_top1_match,4,1.0,0.0,0.0,1.0,1.0,H:\Qwen3.5-9B-official-hf,captured
captured,key_only_block_so8_static,3.5,3.5,logit_top5_match,4,1.0,0.0,0.0,1.0,1.0,H:\Qwen3.5-9B-official-hf,captured
captured,key_only_block_so8_static,3.5,3.5,logit_top5_overlap,4,0.8906249850988388,0.05141233894169761,0.025706169470848805,0.8088164810433391,0.9724334891543385,H:\Qwen3.5-9B-official-hf,captured
captured,key_only_block_so8_static,3.5,3.5,memory_bits,4,362080.0,102932.44904628795,51466.224523143974,198291.5039194187,525868.4960805813,H:\Qwen3.5-9B-official-hf,captured
captured,key_only_block_so8_static,3.5,3.5,memory_ratio_vs_exact,4,0.60546875,0.0,0.0,0.60546875,0.60546875,H:\Qwen3.5-9B-official-hf,captured
captured,key_only_block_so8_static,3.5,3.5,peak_vram_mb,4,17.4901123046875,0.20546117461614988,0.10273058730807494,17.163177726669293,17.817046882705707,H:\Qwen3.5-9B-official-hf,captured
captured,key_only_block_so8_static,3.5,3.5,prefill_seconds,4,0.011790449996624375,0.0009564189897327529,0.00047820949486637645,0.010268573956535286,0.013312326036713463,H:\Qwen3.5-9B-official-hf,captured
captured,key_only_block_so8_static,4,4.0,decode_seconds,4,0.003431649995036423,0.0009630231931570517,0.00048151159657852584,0.0018992651935538344,0.004964034796519012,H:\Qwen3.5-9B-official-hf,captured
captured,key_only_block_so8_static,4,4.0,hidden_cosine_similarity,4,1.0,0.0,0.0,1.0,1.0,H:\Qwen3.5-9B-official-hf,captured
captured,key_only_block_so8_static,4,4.0,hidden_mae,4,0.0043487548828125,0.0007834166047969626,0.0003917083023984813,0.0031021642430954996,0.0055953455225295,H:\Qwen3.5-9B-official-hf,captured
captured,key_only_block_so8_static,4,4.0,hidden_mse,4,0.00010198354721069336,8.499979017923344e-05,4.249989508961672e-05,-3.3270086892202565e-05,0.00023723718131358928,H:\Qwen3.5-9B-official-hf,captured
captured,key_only_block_so8_static,4,4.0,logit_cosine_similarity,4,0.9990234375,0.001953125,0.0009765625,0.9959155797799963,1.0021312952200037,H:\Qwen3.5-9B-official-hf,captured
captured,key_only_block_so8_static,4,4.0,logit_mae,4,6.7890625,0.9264540233015703,0.46322701165078517,5.3148674082643454,8.263257591735654,H:\Qwen3.5-9B-official-hf,captured
captured,key_only_block_so8_static,4,4.0,logit_mse,4,77.6875,25.14074962419909,12.570374812099544,37.68295712320242,117.69204287679759,H:\Qwen3.5-9B-official-hf,captured
captured,key_only_block_so8_static,4,4.0,logit_spearman,4,0.9926615357398987,0.002050474075077524,0.001025237037538762,0.9893987739177434,0.9959242975620539,H:\Qwen3.5-9B-official-hf,captured
captured,key_only_block_so8_static,4,4.0,logit_top1_match,4,1.0,0.0,0.0,1.0,1.0,H:\Qwen3.5-9B-official-hf,captured
captured,key_only_block_so8_static,4,4.0,logit_top5_match,4,1.0,0.0,0.0,1.0,1.0,H:\Qwen3.5-9B-official-hf,captured
captured,key_only_block_so8_static,4,4.0,logit_top5_overlap,4,0.9062499850988388,0.029755944273915088,0.014877972136957544,0.8589016376414643,0.9535983325562133,H:\Qwen3.5-9B-official-hf,captured
captured,key_only_block_so8_static,4,4.0,memory_bits,4,376096.0,106916.93094485394,53458.46547242697,205967.30407113812,546224.6959288619,H:\Qwen3.5-9B-official-hf,captured
captured,key_only_block_so8_static,4,4.0,memory_ratio_vs_exact,4,0.62890625,0.0,0.0,0.62890625,0.62890625,H:\Qwen3.5-9B-official-hf,captured
captured,key_only_block_so8_static,4,4.0,peak_vram_mb,4,17.6416015625,0.2485266823313903,0.12426334116569515,17.246140151525026,18.037062973474974,H:\Qwen3.5-9B-official-hf,captured
captured,key_only_block_so8_static,4,4.0,prefill_seconds,4,0.008792849996098084,0.0020874581875915572,0.0010437290937957786,0.005471238197830596,0.012114461794365573,H:\Qwen3.5-9B-official-hf,captured
captured,key_only_random,2,2.0,decode_seconds,4,0.0034365999927103985,0.0008301679210967005,0.00041508396054835023,0.0021156175760807727,0.004757582409340024,H:\Qwen3.5-9B-official-hf,captured
captured,key_only_random,2,2.0,hidden_cosine_similarity,4,0.9970703125,0.0037399496396731957,0.0018699748198365979,0.9911192180436375,1.0030214069563625,H:\Qwen3.5-9B-official-hf,captured
captured,key_only_random,2,2.0,hidden_mae,4,0.00930023193359375,0.003329762400019365,0.0016648812000096824,0.00400183690988663,0.01459862695730087,H:\Qwen3.5-9B-official-hf,captured
captured,key_only_random,2,2.0,hidden_mse,4,0.0005124807357788086,0.00040197520917570714,0.00020098760458785357,-0.00012715152384962876,0.001152112995407246,H:\Qwen3.5-9B-official-hf,captured
captured,key_only_random,2,2.0,logit_cosine_similarity,4,0.9970703125,0.001953125,0.0009765625,0.9939624547799963,1.0001781702200037,H:\Qwen3.5-9B-official-hf,captured
captured,key_only_random,2,2.0,logit_mae,4,14.546875,0.8026242764623225,0.40131213823116124,13.269720668420737,15.824029331579263,H:\Qwen3.5-9B-official-hf,captured
captured,key_only_random,2,2.0,logit_mse,4,336.0,29.43920288775949,14.719601443879744,289.15565876967617,382.84434123032383,H:\Qwen3.5-9B-official-hf,captured
captured,key_only_random,2,2.0,logit_spearman,4,0.9783432632684708,0.007001199815077885,0.0035005999075389425,0.967202792026447,0.9894837345104945,H:\Qwen3.5-9B-official-hf,captured
captured,key_only_random,2,2.0,logit_top1_match,4,1.0,0.0,0.0,1.0,1.0,H:\Qwen3.5-9B-official-hf,captured
captured,key_only_random,2,2.0,logit_top5_match,4,1.0,0.0,0.0,1.0,1.0,H:\Qwen3.5-9B-official-hf,captured
captured,key_only_random,2,2.0,logit_top5_overlap,4,0.8343750089406967,0.059839168295180815,0.029919584147590408,0.7391575389145726,0.9295924789668208,H:\Qwen3.5-9B-official-hf,captured
captured,key_only_random,2,2.0,memory_bits,4,338720.0,96291.64588201132,48145.82294100566,185498.50366655298,491941.49633344705,H:\Qwen3.5-9B-official-hf,captured
captured,key_only_random,2,2.0,memory_ratio_vs_exact,4,0.56640625,0.0,0.0,0.56640625,0.56640625,H:\Qwen3.5-9B-official-hf,captured
captured,key_only_random,2,2.0,peak_vram_mb,4,15.6103515625,4.141278197390851,2.0706390986954255,9.020653813280756,22.200049311719244,H:\Qwen3.5-9B-official-hf,captured
captured,key_only_random,2,2.0,prefill_seconds,4,0.2051839750020008,0.39381801429884805,0.19690900714942403,-0.42146836727776693,0.8318363172817685,H:\Qwen3.5-9B-official-hf,captured
captured,key_only_random,2.5,2.5,decode_seconds,4,0.00422962500306312,0.0012042998987664103,0.0006021499493832051,0.002313315121421767,0.006145934884704473,H:\Qwen3.5-9B-official-hf,captured
captured,key_only_random,2.5,2.5,hidden_cosine_similarity,4,1.0,0.00637887953849786,0.00318943976924893,0.9898497791904288,1.0101502208095712,H:\Qwen3.5-9B-official-hf,captured
captured,key_only_random,2.5,2.5,hidden_mae,4,0.00803375244140625,0.0026799200817117317,0.0013399600408558658,0.003769401560156694,0.012298103322655806,H:\Qwen3.5-9B-official-hf,captured
captured,key_only_random,2.5,2.5,hidden_mse,4,0.0003337860107421875,0.00017692136574257248,8.846068287128624e-05,5.226463737558883e-05,0.0006153073841087862,H:\Qwen3.5-9B-official-hf,captured
captured,key_only_random,2.5,2.5,logit_cosine_similarity,4,0.998046875,0.00390625,0.001953125,0.9918311595599928,1.0042625904400073,H:\Qwen3.5-9B-official-hf,captured
captured,key_only_random,2.5,2.5,logit_mae,4,11.234375,0.7661031670082039,0.38305158350410196,10.015333903344297,12.453416096655703,H:\Qwen3.5-9B-official-hf,captured
captured,key_only_random,2.5,2.5,logit_mse,4,202.0,26.49528259898354,13.24764129949177,159.84009289270855,244.15990710729145,H:\Qwen3.5-9B-official-hf,captured
captured,key_only_random,2.5,2.5,logit_spearman,4,0.982501745223999,0.005253084658250005,0.0026265423291250024,0.9741429152930039,0.9908605751549941,H:\Qwen3.5-9B-official-hf,captured
captured,key_only_random,2.5,2.5,logit_top1_match,4,1.0,0.0,0.0,1.0,1.0,H:\Qwen3.5-9B-official-hf,captured
captured,key_only_random,2.5,2.5,logit_top5_match,4,1.0,0.0,0.0,1.0,1.0,H:\Qwen3.5-9B-official-hf,captured
captured,key_only_random,2.5,2.5,logit_top5_overlap,4,0.8562500178813934,0.05253966471765484,0.02626983235882742,0.7726476869506207,0.9398523488121662,H:\Qwen3.5-9B-official-hf,captured
captured,key_only_random,2.5,2.5,memory_bits,4,343392.0,97619.80651486665,48809.903257433325,188057.1037171261,498726.89628287393,H:\Qwen3.5-9B-official-hf,captured
captured,key_only_random,2.5,2.5,memory_ratio_vs_exact,4,0.57421875,0.0,0.0,0.57421875,0.57421875,H:\Qwen3.5-9B-official-hf,captured
captured,key_only_random,2.5,2.5,peak_vram_mb,4,17.4901123046875,0.20546117461614988,0.10273058730807494,17.163177726669293,17.817046882705707,H:\Qwen3.5-9B-official-hf,captured
captured,key_only_random,2.5,2.5,prefill_seconds,4,0.013424300002952805,0.006134943461348745,0.0030674717306743726,0.0036622359271059265,0.023186364078799683,H:\Qwen3.5-9B-official-hf,captured
captured,key_only_random,3.5,3.5,decode_seconds,4,0.004309349998948164,0.0016842224859015269,0.0008421112429507634,0.0016293761851816362,0.006989323812714693,H:\Qwen3.5-9B-official-hf,captured
captured,key_only_random,3.5,3.5,hidden_cosine_similarity,4,0.9990234375,0.001953125,0.0009765625,0.9959155797799963,1.0021312952200037,H:\Qwen3.5-9B-official-hf,captured
captured,key_only_random,3.5,3.5,hidden_mae,4,0.004642486572265625,0.0011818340106486724,0.0005909170053243362,0.0027619249319418785,0.0065230482125893715,H:\Qwen3.5-9B-official-hf,captured
captured,key_only_random,3.5,3.5,hidden_mse,4,9.256601333618164e-05,4.713633392682158e-05,2.356816696341079e-05,1.7561587461165424e-05,0.00016757043921119787,H:\Qwen3.5-9B-official-hf,captured
captured,key_only_random,3.5,3.5,logit_cosine_similarity,4,0.9970703125,0.0037399496396731957,0.0018699748198365979,0.9911192180436375,1.0030214069563625,H:\Qwen3.5-9B-official-hf,captured
captured,key_only_random,3.5,3.5,logit_mae,4,7.21875,0.31970852610880846,0.15985426305440423,6.710022391158661,7.727477608841339,H:\Qwen3.5-9B-official-hf,captured
captured,key_only_random,3.5,3.5,logit_mse,4,85.5,12.36931687685298,6.18465843842649,65.81765660318791,105.18234339681209,H:\Qwen3.5-9B-official-hf,captured
captured,key_only_random,3.5,3.5,logit_spearman,4,0.9906679540872574,0.002271260823629739,0.0011356304118148694,0.9870538712790093,0.9942820368955054,H:\Qwen3.5-9B-official-hf,captured
captured,key_only_random,3.5,3.5,logit_top1_match,4,1.0,0.0,0.0,1.0,1.0,H:\Qwen3.5-9B-official-hf,captured
captured,key_only_random,3.5,3.5,logit_top5_match,4,1.0,0.0,0.0,1.0,1.0,H:\Qwen3.5-9B-official-hf,captured
captured,key_only_random,3.5,3.5,logit_top5_overlap,4,0.887499988079071,0.04448782270064804,0.02224391135032402,0.816709934587174,0.9582900415709681,H:\Qwen3.5-9B-official-hf,captured
captured,key_only_random,3.5,3.5,memory_bits,4,362080.0,102932.44904628795,51466.224523143974,198291.5039194187,525868.4960805813,H:\Qwen3.5-9B-official-hf,captured
captured,key_only_random,3.5,3.5,memory_ratio_vs_exact,4,0.60546875,0.0,0.0,0.60546875,0.60546875,H:\Qwen3.5-9B-official-hf,captured
captured,key_only_random,3.5,3.5,peak_vram_mb,4,17.4901123046875,0.20546117461614988,0.10273058730807494,17.163177726669293,17.817046882705707,H:\Qwen3.5-9B-official-hf,captured
captured,key_only_random,3.5,3.5,prefill_seconds,4,0.011497349998535356,0.002325407465113143,0.0011627037325565716,0.007797107800721118,0.015197592196349592,H:\Qwen3.5-9B-official-hf,captured
captured,key_only_random,4,4.0,decode_seconds,4,0.0034752000028674956,0.001881681961126283,0.0009408409805631415,0.00048102410041482536,0.0064693759053201655,H:\Qwen3.5-9B-official-hf,captured
captured,key_only_random,4,4.0,hidden_cosine_similarity,4,0.9990234375,0.001953125,0.0009765625,0.9959155797799963,1.0021312952200037,H:\Qwen3.5-9B-official-hf,captured
captured,key_only_random,4,4.0,hidden_mae,4,0.0028896331787109375,0.001402610806841513,0.0007013054034207565,0.000657766388719051,0.005121499968702824,H:\Qwen3.5-9B-official-hf,captured
captured,key_only_random,4,4.0,hidden_mse,4,5.2675604820251465e-05,6.431213886376099e-05,3.2156069431880494e-05,-4.9659359535682984e-05,0.00015501056917618591,H:\Qwen3.5-9B-official-hf,captured
captured,key_only_random,4,4.0,logit_cosine_similarity,4,0.998046875,0.00390625,0.001953125,0.9918311595599928,1.0042625904400073,H:\Qwen3.5-9B-official-hf,captured
captured,key_only_random,4,4.0,logit_mae,4,4.8203125,0.2845580912426612,0.1422790456213306,4.367517076943105,5.273107923056895,H:\Qwen3.5-9B-official-hf,captured
captured,key_only_random,4,4.0,logit_mse,4,37.1875,4.394006334390822,2.197003167195411,30.19565538786236,44.17934461213764,H:\Qwen3.5-9B-official-hf,captured
captured,key_only_random,4,4.0,logit_spearman,4,0.9939163327217102,0.0015086539225770883,0.0007543269612885441,0.9915157276707816,0.9963169377726389,H:\Qwen3.5-9B-official-hf,captured
captured,key_only_random,4,4.0,logit_top1_match,4,1.0,0.0,0.0,1.0,1.0,H:\Qwen3.5-9B-official-hf,captured
captured,key_only_random,4,4.0,logit_top5_match,4,1.0,0.0,0.0,1.0,1.0,H:\Qwen3.5-9B-official-hf,captured
captured,key_only_random,4,4.0,logit_top5_overlap,4,0.934374988079071,0.023662124404977926,0.011831062202488963,0.8967232678851783,0.9720267082729638,H:\Qwen3.5-9B-official-hf,captured
captured,key_only_random,4,4.0,memory_bits,4,376096.0,106916.93094485394,53458.46547242697,205967.30407113812,546224.6959288619,H:\Qwen3.5-9B-official-hf,captured
captured,key_only_random,4,4.0,memory_ratio_vs_exact,4,0.62890625,0.0,0.0,0.62890625,0.62890625,H:\Qwen3.5-9B-official-hf,captured
captured,key_only_random,4,4.0,peak_vram_mb,4,17.6416015625,0.2485266823313903,0.12426334116569515,17.246140151525026,18.037062973474974,H:\Qwen3.5-9B-official-hf,captured
captured,key_only_random,4,4.0,prefill_seconds,4,0.010456550004164455,0.007651634167862503,0.0038258170839312513,-0.001718907439283844,0.022632007447612755,H:\Qwen3.5-9B-official-hf,captured
captured,protected_v,2,2.0,decode_seconds,4,0.003815274998487439,0.0015403028811374535,0.0007701514405687267,0.0013643093919405696,0.006266240605034308,H:\Qwen3.5-9B-official-hf,captured
captured,protected_v,2,2.0,hidden_cosine_similarity,4,0.955078125,0.005042947065374241,0.0025214735326871203,0.9470536708720292,0.9631025791279708,H:\Qwen3.5-9B-official-hf,captured
captured,protected_v,2,2.0,hidden_mae,4,0.16845703125,0.019161539912449788,0.009580769956224894,0.13796674530103895,0.19894731719896105,H:\Qwen3.5-9B-official-hf,captured
captured,protected_v,2,2.0,hidden_mse,4,0.05291748046875,0.012101390215979464,0.006050695107989732,0.03366146817792987,0.07217349275957013,H:\Qwen3.5-9B-official-hf,captured
captured,protected_v,2,2.0,logit_cosine_similarity,4,0.99609375,0.00318943976924893,0.001594719884624465,0.9910186395952144,1.0011688604047857,H:\Qwen3.5-9B-official-hf,captured
captured,protected_v,2,2.0,logit_mae,4,16.75,0.44487826050130463,0.22243913025065232,16.04209941178329,17.45790058821671,H:\Qwen3.5-9B-official-hf,captured
captured,protected_v,2,2.0,logit_mse,4,448.5,29.13760456866693,14.568802284333465,402.1355689978141,494.8644310021859,H:\Qwen3.5-9B-official-hf,captured
captured,protected_v,2,2.0,logit_spearman,4,0.9748874455690384,0.002622950446789467,0.0013114752233947336,0.9707137460898747,0.9790611450482021,H:\Qwen3.5-9B-official-hf,captured
captured,protected_v,2,2.0,logit_top1_match,4,1.0,0.0,0.0,1.0,1.0,H:\Qwen3.5-9B-official-hf,captured
captured,protected_v,2,2.0,logit_top5_match,4,1.0,0.0,0.0,1.0,1.0,H:\Qwen3.5-9B-official-hf,captured
captured,protected_v,2,2.0,logit_top5_overlap,4,0.8000000268220901,0.044487805953183586,0.022243902976591793,0.7292099999791464,0.8707900536650339,H:\Qwen3.5-9B-official-hf,captured
captured,protected_v,2,2.0,memory_bits,4,122060.0,34117.12625647125,17058.563128235626,67772.03879909765,176347.96120090235,H:\Qwen3.5-9B-official-hf,captured
captured,protected_v,2,2.0,memory_ratio_vs_exact,4,0.20435181468214755,0.001157169810238769,0.0005785849051193845,0.20251049928855744,0.20619313007573767,H:\Qwen3.5-9B-official-hf,captured
captured,protected_v,2,2.0,peak_vram_mb,4,17.66650390625,0.2538599216548196,0.1269299608274098,17.262556121385003,18.070451691114997,H:\Qwen3.5-9B-official-hf,captured
captured,protected_v,2,2.0,prefill_seconds,4,0.504019200005132,0.9665680644274207,0.48328403221371036,-1.0340062827160028,2.042044682726267,H:\Qwen3.5-9B-official-hf,captured
captured,protected_v,2.5,2.5,decode_seconds,4,0.003438275001826696,0.001035816522732429,0.0005179082613662145,0.001790059768965878,0.005086490234687514,H:\Qwen3.5-9B-official-hf,captured
captured,protected_v,2.5,2.5,hidden_cosine_similarity,4,0.95703125,0.00318943976924893,0.001594719884624465,0.9519561395952144,0.9621063604047856,H:\Qwen3.5-9B-official-hf,captured
captured,protected_v,2.5,2.5,hidden_mae,4,0.168701171875,0.019357544614127996,0.009678772307063998,0.13789899870670191,0.19950334504329809,H:\Qwen3.5-9B-official-hf,captured
captured,protected_v,2.5,2.5,hidden_mse,4,0.052978515625,0.012412015893055392,0.006206007946527696,0.033228228565011605,0.0727288026849884,H:\Qwen3.5-9B-official-hf,captured
captured,protected_v,2.5,2.5,logit_cosine_similarity,4,0.9970703125,0.001953125,0.0009765625,0.9939624547799963,1.0001781702200037,H:\Qwen3.5-9B-official-hf,captured
captured,protected_v,2.5,2.5,logit_mae,4,13.625,0.5179084539440022,0.2589542269720011,12.800892077135357,14.449107922864643,H:\Qwen3.5-9B-official-hf,captured
captured,protected_v,2.5,2.5,logit_mse,4,303.0,22.181073012818835,11.090536506409418,267.70496307156327,338.29503692843673,H:\Qwen3.5-9B-official-hf,captured
captured,protected_v,2.5,2.5,logit_spearman,4,0.9780832827091217,0.0052920602060784515,0.0026460301030392258,0.9696624339840351,0.9865041314342083,H:\Qwen3.5-9B-official-hf,captured
captured,protected_v,2.5,2.5,logit_top1_match,4,1.0,0.0,0.0,1.0,1.0,H:\Qwen3.5-9B-official-hf,captured
captured,protected_v,2.5,2.5,logit_top5_match,4,1.0,0.0,0.0,1.0,1.0,H:\Qwen3.5-9B-official-hf,captured
captured,protected_v,2.5,2.5,logit_top5_overlap,4,0.8499999791383743,0.030618616918095694,0.015309308459047847,0.8012789269964289,0.8987210312803198,H:\Qwen3.5-9B-official-hf,captured
captured,protected_v,2.5,2.5,memory_bits,4,126732.0,35445.28688932658,17722.64344466329,70330.6388496708,183133.3611503292,H:\Qwen3.5-9B-official-hf,captured
captured,protected_v,2.5,2.5,memory_ratio_vs_exact,4,0.21216431468214755,0.001157169810238769,0.0005785849051193845,0.21032299928855744,0.21400563007573767,H:\Qwen3.5-9B-official-hf,captured
captured,protected_v,2.5,2.5,peak_vram_mb,4,17.5706787109375,0.2262607625997267,0.11313038129986334,17.210647346954413,17.930710074920587,H:\Qwen3.5-9B-official-hf,captured
captured,protected_v,2.5,2.5,prefill_seconds,4,0.019142550001561176,0.004751192516449312,0.002375596258224656,0.011582342466728318,0.026702757536394034,H:\Qwen3.5-9B-official-hf,captured
captured,protected_v,3.5,3.5,decode_seconds,4,0.0032147499950951897,0.0011646478852809694,0.0005823239426404847,0.0013615353153607374,0.005067964674829642,H:\Qwen3.5-9B-official-hf,captured
captured,protected_v,3.5,3.5,hidden_cosine_similarity,4,0.9853515625,0.0037399496396731957,0.0018699748198365979,0.9794004680436375,0.9913026569563625,H:\Qwen3.5-9B-official-hf,captured
captured,protected_v,3.5,3.5,hidden_mae,4,0.0926513671875,0.010057290001975576,0.005028645000987788,0.07664797448352303,0.10865475989147697,H:\Qwen3.5-9B-official-hf,captured
captured,protected_v,3.5,3.5,hidden_mse,4,0.0162506103515625,0.003709402938240504,0.001854701469120252,0.01034812251375649,0.02215309818936851,H:\Qwen3.5-9B-official-hf,captured
captured,protected_v,3.5,3.5,logit_cosine_similarity,4,1.0,0.0,0.0,1.0,1.0,H:\Qwen3.5-9B-official-hf,captured
captured,protected_v,3.5,3.5,logit_mae,4,8.5546875,0.6385892451007402,0.3192946225503701,7.538549508167619,9.570825491832382,H:\Qwen3.5-9B-official-hf,captured
captured,protected_v,3.5,3.5,logit_mse,4,111.875,14.285044627161653,7.142522313580827,89.14430625273826,134.60569374726174,H:\Qwen3.5-9B-official-hf,captured
captured,protected_v,3.5,3.5,logit_spearman,4,0.9890263825654984,0.0014371833561262108,0.0007185916780631054,0.9867395031346388,0.9913132619963579,H:\Qwen3.5-9B-official-hf,captured
captured,protected_v,3.5,3.5,logit_top1_match,4,1.0,0.0,0.0,1.0,1.0,H:\Qwen3.5-9B-official-hf,captured
captured,protected_v,3.5,3.5,logit_top5_match,4,1.0,0.0,0.0,1.0,1.0,H:\Qwen3.5-9B-official-hf,captured
captured,protected_v,3.5,3.5,logit_top5_overlap,4,0.8937499970197678,0.042695642733545,0.0213478213667725,0.825811701785226,0.9616882922543095,H:\Qwen3.5-9B-official-hf,captured
captured,protected_v,3.5,3.5,memory_bits,4,162210.0,45531.00669507173,22765.503347535865,89760.0079837106,234659.99201628938,H:\Qwen3.5-9B-official-hf,captured
captured,protected_v,3.5,3.5,memory_ratio_vs_exact,4,0.2714904865571476,0.00115716981023875,0.000578584905119375,0.2696491711635575,0.27333180195073764,H:\Qwen3.5-9B-official-hf,captured
captured,protected_v,3.5,3.5,peak_vram_mb,4,17.5706787109375,0.2262607625997267,0.11313038129986334,17.210647346954413,17.930710074920587,H:\Qwen3.5-9B-official-hf,captured
captured,protected_v,3.5,3.5,prefill_seconds,4,0.018293099998118123,0.003756017306498947,0.0018780086532494734,0.012316438298293503,0.024269761697942743,H:\Qwen3.5-9B-official-hf,captured
captured,protected_v,4,4.0,decode_seconds,4,0.0036756500048795715,0.0018517027261022963,0.0009258513630511482,0.0007291777552955602,0.006622122254463583,H:\Qwen3.5-9B-official-hf,captured
captured,protected_v,4,4.0,hidden_cosine_similarity,4,0.9951171875,0.004915256793796061,0.0024576283968980304,0.9872959170885316,1.0029384579114684,H:\Qwen3.5-9B-official-hf,captured
captured,protected_v,4,4.0,hidden_mae,4,0.04888916015625,0.005107053861372981,0.0025535269306864905,0.04076269781024433,0.05701562250225567,H:\Qwen3.5-9B-official-hf,captured
captured,protected_v,4,4.0,hidden_mse,4,0.004528045654296875,0.0009091792961963832,0.0004545896480981916,0.003081338508286564,0.005974752800307186,H:\Qwen3.5-9B-official-hf,captured
captured,protected_v,4,4.0,logit_cosine_similarity,4,0.9990234375,0.001953125,0.0009765625,0.9959155797799963,1.0021312952200037,H:\Qwen3.5-9B-official-hf,captured
captured,protected_v,4,4.0,logit_mae,4,6.2578125,0.4287632104378826,0.2143816052189413,5.57555455255019,6.94007044744981,H:\Qwen3.5-9B-official-hf,captured
captured,protected_v,4,4.0,logit_mse,4,61.9375,10.774922660201943,5.3874613301009715,44.792193595161315,79.08280640483869,H:\Qwen3.5-9B-official-hf,captured
captured,protected_v,4,4.0,logit_spearman,4,0.9929435551166534,0.001386073482284493,0.0006930367411422465,0.9907380029003794,0.9951491073329275,H:\Qwen3.5-9B-official-hf,captured
captured,protected_v,4,4.0,logit_top1_match,4,1.0,0.0,0.0,1.0,1.0,H:\Qwen3.5-9B-official-hf,captured
captured,protected_v,4,4.0,logit_top5_match,4,1.0,0.0,0.0,1.0,1.0,H:\Qwen3.5-9B-official-hf,captured
captured,protected_v,4,4.0,logit_top5_overlap,4,0.9312499910593033,0.033071916169590626,0.016535958084795313,0.8786251923480202,0.9838747897705864,H:\Qwen3.5-9B-official-hf,captured
captured,protected_v,4,4.0,memory_bits,4,193016.0,54288.56586796155,27144.282933980776,106630.77706717727,279401.2229328227,H:\Qwen3.5-9B-official-hf,captured
captured,protected_v,4,4.0,memory_ratio_vs_exact,4,0.3230041584321476,0.00115716981023875,0.000578584905119375,0.3211628430385575,0.32484547382573764,H:\Qwen3.5-9B-official-hf,captured
captured,protected_v,4,4.0,peak_vram_mb,4,17.66650390625,0.2538599216548196,0.1269299608274098,17.262556121385003,18.070451691114997,H:\Qwen3.5-9B-official-hf,captured
captured,protected_v,4,4.0,prefill_seconds,4,0.017932125003426336,0.0042330266067388215,0.0021165133033694107,0.01119643506103454,0.024667814945818132,H:\Qwen3.5-9B-official-hf,captured
captured,protected_v_lowrank,2,2.0,decode_seconds,4,0.004700875000708038,0.004444976271530251,0.0022224881357651256,-0.0023720741554945617,0.011773824156910638,H:\Qwen3.5-9B-official-hf,captured
captured,protected_v_lowrank,2,2.0,hidden_cosine_similarity,4,0.96484375,0.00318943976924893,0.001594719884624465,0.9597686395952144,0.9699188604047856,H:\Qwen3.5-9B-official-hf,captured
captured,protected_v_lowrank,2,2.0,hidden_mae,4,0.159912109375,0.014624003058468688,0.007312001529234344,0.13664205712405933,0.18318216162594067,H:\Qwen3.5-9B-official-hf,captured
captured,protected_v_lowrank,2,2.0,hidden_mse,4,0.0452880859375,0.007954889347850146,0.003977444673925073,0.03263008183049679,0.05794609004450321,H:\Qwen3.5-9B-official-hf,captured
captured,protected_v_lowrank,2,2.0,logit_cosine_similarity,4,0.99609375,0.00318943976924893,0.001594719884624465,0.9910186395952144,1.0011688604047857,H:\Qwen3.5-9B-official-hf,captured
captured,protected_v_lowrank,2,2.0,logit_mae,4,16.75,0.44487826050130463,0.22243913025065232,16.04209941178329,17.45790058821671,H:\Qwen3.5-9B-official-hf,captured
captured,protected_v_lowrank,2,2.0,logit_mse,4,448.5,29.13760456866693,14.568802284333465,402.1355689978141,494.8644310021859,H:\Qwen3.5-9B-official-hf,captured
captured,protected_v_lowrank,2,2.0,logit_spearman,4,0.9748874455690384,0.002622950446789467,0.0013114752233947336,0.9707137460898747,0.9790611450482021,H:\Qwen3.5-9B-official-hf,captured
captured,protected_v_lowrank,2,2.0,logit_top1_match,4,1.0,0.0,0.0,1.0,1.0,H:\Qwen3.5-9B-official-hf,captured
captured,protected_v_lowrank,2,2.0,logit_top5_match,4,1.0,0.0,0.0,1.0,1.0,H:\Qwen3.5-9B-official-hf,captured
captured,protected_v_lowrank,2,2.0,logit_top5_overlap,4,0.8000000268220901,0.044487805953183586,0.022243902976591793,0.7292099999791464,0.8707900536650339,H:\Qwen3.5-9B-official-hf,captured
captured,protected_v_lowrank,2,2.0,memory_bits,4,126732.0,35445.28688932658,17722.64344466329,70330.6388496708,183133.3611503292,H:\Qwen3.5-9B-official-hf,captured
captured,protected_v_lowrank,2,2.0,memory_ratio_vs_exact,4,0.21216431468214755,0.001157169810238769,0.0005785849051193845,0.21032299928855744,0.21400563007573767,H:\Qwen3.5-9B-official-hf,captured
captured,protected_v_lowrank,2,2.0,peak_vram_mb,4,21.0634765625,0.15883832341801757,0.07941916170900878,20.810729344750435,21.316223780249565,H:\Qwen3.5-9B-official-hf,captured
captured,protected_v_lowrank,2,2.0,prefill_seconds,4,0.07842252499904134,0.05913935062019112,0.02956967531009556,-0.015681378940011148,0.17252642893809383,H:\Qwen3.5-9B-official-hf,captured
captured,protected_v_lowrank,2.5,2.5,decode_seconds,4,0.0035457499980111606,0.001210702090674733,0.0006053510453373665,0.0016192528003776284,0.005472247195644693,H:\Qwen3.5-9B-official-hf,captured
captured,protected_v_lowrank,2.5,2.5,hidden_cosine_similarity,4,0.9619140625,0.004915256793796061,0.0024576283968980304,0.9540927920885316,0.9697353329114684,H:\Qwen3.5-9B-official-hf,captured
captured,protected_v_lowrank,2.5,2.5,hidden_mae,4,0.159912109375,0.014775383094773912,0.007387691547386956,0.1364011777054427,0.1834230410445573,H:\Qwen3.5-9B-official-hf,captured
captured,protected_v_lowrank,2.5,2.5,hidden_mse,4,0.04541015625,0.008062803435221899,0.004031401717610949,0.03258043674867464,0.05823987575132536,H:\Qwen3.5-9B-official-hf,captured
captured,protected_v_lowrank,2.5,2.5,logit_cosine_similarity,4,0.9970703125,0.001953125,0.0009765625,0.9939624547799963,1.0001781702200037,H:\Qwen3.5-9B-official-hf,captured
captured,protected_v_lowrank,2.5,2.5,logit_mae,4,13.625,0.5179084539440022,0.2589542269720011,12.800892077135357,14.449107922864643,H:\Qwen3.5-9B-official-hf,captured
captured,protected_v_lowrank,2.5,2.5,logit_mse,4,303.0,22.181073012818835,11.090536506409418,267.70496307156327,338.29503692843673,H:\Qwen3.5-9B-official-hf,captured
captured,protected_v_lowrank,2.5,2.5,logit_spearman,4,0.9780832827091217,0.0052920602060784515,0.0026460301030392258,0.9696624339840351,0.9865041314342083,H:\Qwen3.5-9B-official-hf,captured
captured,protected_v_lowrank,2.5,2.5,logit_top1_match,4,1.0,0.0,0.0,1.0,1.0,H:\Qwen3.5-9B-official-hf,captured
captured,protected_v_lowrank,2.5,2.5,logit_top5_match,4,1.0,0.0,0.0,1.0,1.0,H:\Qwen3.5-9B-official-hf,captured
captured,protected_v_lowrank,2.5,2.5,logit_top5_overlap,4,0.8499999791383743,0.030618616918095694,0.015309308459047847,0.8012789269964289,0.8987210312803198,H:\Qwen3.5-9B-official-hf,captured
captured,protected_v_lowrank,2.5,2.5,memory_bits,4,131404.0,36773.44752218191,18386.723761090954,72889.23890024393,189918.76109975606,H:\Qwen3.5-9B-official-hf,captured
captured,protected_v_lowrank,2.5,2.5,memory_ratio_vs_exact,4,0.21997681468214755,0.001157169810238769,0.0005785849051193845,0.21813549928855744,0.22181813007573767,H:\Qwen3.5-9B-official-hf,captured
captured,protected_v_lowrank,2.5,2.5,peak_vram_mb,4,21.064453125,0.15883832341801757,0.07941916170900878,20.811705907250435,21.317200342749565,H:\Qwen3.5-9B-official-hf,captured
captured,protected_v_lowrank,2.5,2.5,prefill_seconds,4,0.030303499996080063,0.0069350354594005185,0.0034675177297002592,0.019268311008689722,0.0413386889834704,H:\Qwen3.5-9B-official-hf,captured
captured,protected_v_lowrank,3.5,3.5,decode_seconds,4,0.004763125001773005,0.0023821770493525195,0.0011910885246762598,0.00097254972715122,0.00855370027639479,H:\Qwen3.5-9B-official-hf,captured
captured,protected_v_lowrank,3.5,3.5,hidden_cosine_similarity,4,0.9853515625,0.0037399496396731957,0.0018699748198365979,0.9794004680436375,0.9913026569563625,H:\Qwen3.5-9B-official-hf,captured
captured,protected_v_lowrank,3.5,3.5,hidden_mae,4,0.08837890625,0.007098295080519702,0.003549147540259851,0.07708393477359328,0.09967387772640672,H:\Qwen3.5-9B-official-hf,captured
captured,protected_v_lowrank,3.5,3.5,hidden_mse,4,0.0140228271484375,0.002315249943014466,0.001157624971507233,0.010338747834960148,0.01770690646191485,H:\Qwen3.5-9B-official-hf,captured
captured,protected_v_lowrank,3.5,3.5,logit_cosine_similarity,4,1.0,0.0,0.0,1.0,1.0,H:\Qwen3.5-9B-official-hf,captured
captured,protected_v_lowrank,3.5,3.5,logit_mae,4,8.5546875,0.6385892451007402,0.3192946225503701,7.538549508167619,9.570825491832382,H:\Qwen3.5-9B-official-hf,captured
captured,protected_v_lowrank,3.5,3.5,logit_mse,4,111.875,14.285044627161653,7.142522313580827,89.14430625273826,134.60569374726174,H:\Qwen3.5-9B-official-hf,captured
captured,protected_v_lowrank,3.5,3.5,logit_spearman,4,0.9890263825654984,0.0014371833561262108,0.0007185916780631054,0.9867395031346388,0.9913132619963579,H:\Qwen3.5-9B-official-hf,captured
captured,protected_v_lowrank,3.5,3.5,logit_top1_match,4,1.0,0.0,0.0,1.0,1.0,H:\Qwen3.5-9B-official-hf,captured
captured,protected_v_lowrank,3.5,3.5,logit_top5_match,4,1.0,0.0,0.0,1.0,1.0,H:\Qwen3.5-9B-official-hf,captured
captured,protected_v_lowrank,3.5,3.5,logit_top5_overlap,4,0.8937499970197678,0.042695642733545,0.0213478213667725,0.825811701785226,0.9616882922543095,H:\Qwen3.5-9B-official-hf,captured
captured,protected_v_lowrank,3.5,3.5,memory_bits,4,166882.0,46859.167327927054,23429.583663963527,92318.60803428375,241445.39196571626,H:\Qwen3.5-9B-official-hf,captured
captured,protected_v_lowrank,3.5,3.5,memory_ratio_vs_exact,4,0.2793029865571476,0.00115716981023875,0.000578584905119375,0.2774616711635575,0.28114430195073764,H:\Qwen3.5-9B-official-hf,captured
captured,protected_v_lowrank,3.5,3.5,peak_vram_mb,4,21.064453125,0.15883832341801757,0.07941916170900878,20.811705907250435,21.317200342749565,H:\Qwen3.5-9B-official-hf,captured
captured,protected_v_lowrank,3.5,3.5,prefill_seconds,4,0.0390566750029393,0.020326359109574345,0.010163179554787172,0.006712901778871946,0.07140044822700665,H:\Qwen3.5-9B-official-hf,captured
captured,protected_v_lowrank,4,4.0,decode_seconds,4,0.0022017000010237098,0.0005031792362346961,0.00025158961811734803,0.0014010295503984165,0.003002370451649003,H:\Qwen3.5-9B-official-hf,captured
captured,protected_v_lowrank,4,4.0,hidden_cosine_similarity,4,0.998046875,0.0022552744890219755,0.0011276372445109878,0.9944582300175057,1.0016355199824942,H:\Qwen3.5-9B-official-hf,captured
captured,protected_v_lowrank,4,4.0,hidden_mae,4,0.046875,0.004119157140248621,0.0020595785701243105,0.04032050178906639,0.05342949821093361,H:\Qwen3.5-9B-official-hf,captured
captured,protected_v_lowrank,4,4.0,hidden_mse,4,0.003925323486328125,0.0006176040818889979,0.00030880204094449893,0.002942577572060236,0.004908069400596014,H:\Qwen3.5-9B-official-hf,captured
captured,protected_v_lowrank,4,4.0,logit_cosine_similarity,4,0.9990234375,0.001953125,0.0009765625,0.9959155797799963,1.0021312952200037,H:\Qwen3.5-9B-official-hf,captured
captured,protected_v_lowrank,4,4.0,logit_mae,4,6.2578125,0.4287632104378826,0.2143816052189413,5.57555455255019,6.94007044744981,H:\Qwen3.5-9B-official-hf,captured
captured,protected_v_lowrank,4,4.0,logit_mse,4,61.9375,10.774922660201943,5.3874613301009715,44.792193595161315,79.08280640483869,H:\Qwen3.5-9B-official-hf,captured
captured,protected_v_lowrank,4,4.0,logit_spearman,4,0.9929435551166534,0.001386073482284493,0.0006930367411422465,0.9907380029003794,0.9951491073329275,H:\Qwen3.5-9B-official-hf,captured
captured,protected_v_lowrank,4,4.0,logit_top1_match,4,1.0,0.0,0.0,1.0,1.0,H:\Qwen3.5-9B-official-hf,captured
captured,protected_v_lowrank,4,4.0,logit_top5_match,4,1.0,0.0,0.0,1.0,1.0,H:\Qwen3.5-9B-official-hf,captured
captured,protected_v_lowrank,4,4.0,logit_top5_overlap,4,0.9312499910593033,0.033071916169590626,0.016535958084795313,0.8786251923480202,0.9838747897705864,H:\Qwen3.5-9B-official-hf,captured
captured,protected_v_lowrank,4,4.0,memory_bits,4,197688.0,55616.726500816876,27808.363250408438,109189.37711775042,286186.6228822496,H:\Qwen3.5-9B-official-hf,captured
captured,protected_v_lowrank,4,4.0,memory_ratio_vs_exact,4,0.3308166584321476,0.00115716981023875,0.000578584905119375,0.3289753430385575,0.33265797382573764,H:\Qwen3.5-9B-official-hf,captured
captured,protected_v_lowrank,4,4.0,peak_vram_mb,4,21.0634765625,0.15883832341801757,0.07941916170900878,20.810729344750435,21.316223780249565,H:\Qwen3.5-9B-official-hf,captured
captured,protected_v_lowrank,4,4.0,prefill_seconds,4,0.02848285000072792,0.004838643759205059,0.0024193218796025296,0.020783488023694816,0.03618221197776103,H:\Qwen3.5-9B-official-hf,captured
