dataset,trial,layer,mode,bit_setting,bits,logit_cosine_similarity,logit_mae,logit_mse,logit_spearman,logit_top1_match,logit_top5_match,logit_top5_overlap,hidden_cosine_similarity,hidden_mae,hidden_mse,memory_bits,memory_ratio_vs_exact,prefill_seconds,decode_seconds,peak_vram_mb,capture_id,prompt_label,prompt_hash,model_id,query_source,eval_device
captured,0,0,exact,exact,,1.0,0.0,0.0,1.0,1.0,1.0,1.0,1.0,0.0,0.0,524288.0,1.0,0.0013814999983878806,0.12694259999261703,8.21484375,coding-ca766984,coding,ca7669847a89be275954e36db2667fc58ca706b565d2790513a6931dfd2606f1,H:\Qwen3.5-9B-official-hf,captured,cuda
captured,0,0,key_only_random,2,2.0,1.0,15.625,378.0,0.9758568406105042,1.0,1.0,0.8125,1.0,0.008544921875,0.00029754638671875,296960.0,0.56640625,0.6665912000025855,0.007374499997240491,9.40869140625,coding-ca766984,coding,ca7669847a89be275954e36db2667fc58ca706b565d2790513a6931dfd2606f1,H:\Qwen3.5-9B-official-hf,captured,cuda
captured,0,0,key_only_block_so8_static,2,2.0,0.9921875,16.875,440.0,0.9699092507362366,1.0,1.0,0.8500000238418579,1.0,0.006500244140625,0.00016498565673828125,296960.0,0.56640625,0.07123299999511801,0.00715979999222327,9.40869140625,coding-ca766984,coding,ca7669847a89be275954e36db2667fc58ca706b565d2790513a6931dfd2606f1,H:\Qwen3.5-9B-official-hf,captured,cuda
captured,0,0,key_only_block_so8_learned,2,2.0,0.9921875,16.5,416.0,0.9747479557991028,1.0,1.0,0.7625000476837158,1.0078125,0.00775146484375,0.0002498626708984375,296960.0,0.56640625,0.01143870000669267,0.006620300002396107,17.53662109375,coding-ca766984,coding,ca7669847a89be275954e36db2667fc58ca706b565d2790513a6931dfd2606f1,H:\Qwen3.5-9B-official-hf,captured,cuda
captured,0,0,protected_v,2,2.0,0.9921875,16.5,416.0,0.9747479557991028,1.0,1.0,0.7625000476837158,0.9609375,0.14453125,0.0380859375,107264.0,0.20458984375,2.756672100003925,0.006840899994131178,17.55615234375,coding-ca766984,coding,ca7669847a89be275954e36db2667fc58ca706b565d2790513a6931dfd2606f1,H:\Qwen3.5-9B-official-hf,captured,cuda
captured,0,0,protected_v_lowrank,2,2.0,0.9921875,16.5,416.0,0.9747479557991028,1.0,1.0,0.7625000476837158,0.9609375,0.1396484375,0.0341796875,111360.0,0.21240234375,0.24557260000437964,0.0028477000014390796,20.9931640625,coding-ca766984,coding,ca7669847a89be275954e36db2667fc58ca706b565d2790513a6931dfd2606f1,H:\Qwen3.5-9B-official-hf,captured,cuda
captured,0,0,full_kv,2,2.0,1.0,15.625,378.0,0.9758568406105042,1.0,1.0,0.8125,0.94921875,0.1728515625,0.049072265625,68608.0,0.130859375,0.014082100009545684,0.003978499997174367,17.5830078125,coding-ca766984,coding,ca7669847a89be275954e36db2667fc58ca706b565d2790513a6931dfd2606f1,H:\Qwen3.5-9B-official-hf,captured,cuda
captured,0,0,key_only_random,2.5,2.5,0.9921875,10.4375,178.0,0.98432457447052,1.0,1.0,0.8500000238418579,1.0078125,0.00738525390625,0.000431060791015625,301056.0,0.57421875,0.015694100002292544,0.003710100005264394,17.40087890625,coding-ca766984,coding,ca7669847a89be275954e36db2667fc58ca706b565d2790513a6931dfd2606f1,H:\Qwen3.5-9B-official-hf,captured,cuda
captured,0,0,key_only_block_so8_static,2.5,2.5,1.0,14.375,336.0,0.9759072661399841,1.0,1.0,0.8125,1.0078125,0.007171630859375,0.0004100799560546875,301056.0,0.57421875,0.014710199990076944,0.006569000004674308,17.40087890625,coding-ca766984,coding,ca7669847a89be275954e36db2667fc58ca706b565d2790513a6931dfd2606f1,H:\Qwen3.5-9B-official-hf,captured,cuda
captured,0,0,key_only_block_so8_learned,2.5,2.5,1.0,13.4375,302.0,0.9721270203590393,1.0,1.0,0.824999988079071,1.0078125,0.0101318359375,0.0004138946533203125,301056.0,0.57421875,0.01909509999677539,0.005875300004845485,17.40380859375,coding-ca766984,coding,ca7669847a89be275954e36db2667fc58ca706b565d2790513a6931dfd2606f1,H:\Qwen3.5-9B-official-hf,captured,cuda
captured,0,0,protected_v,2.5,2.5,1.0,13.4375,302.0,0.9721270203590393,1.0,1.0,0.824999988079071,0.9609375,0.14453125,0.037841796875,111360.0,0.21240234375,0.019030600000405684,0.00805999999283813,17.47216796875,coding-ca766984,coding,ca7669847a89be275954e36db2667fc58ca706b565d2790513a6931dfd2606f1,H:\Qwen3.5-9B-official-hf,captured,cuda
captured,0,0,protected_v_lowrank,2.5,2.5,1.0,13.4375,302.0,0.9721270203590393,1.0,1.0,0.824999988079071,0.9609375,0.1396484375,0.0341796875,115456.0,0.22021484375,0.019180799994501285,0.0029208000050857663,20.994140625,coding-ca766984,coding,ca7669847a89be275954e36db2667fc58ca706b565d2790513a6931dfd2606f1,H:\Qwen3.5-9B-official-hf,captured,cuda
captured,0,0,full_kv,2.5,2.5,0.9921875,10.4375,178.0,0.98432457447052,1.0,1.0,0.8500000238418579,0.96484375,0.146484375,0.034912109375,76800.0,0.146484375,0.04476570000406355,0.00282169999263715,17.451171875,coding-ca766984,coding,ca7669847a89be275954e36db2667fc58ca706b565d2790513a6931dfd2606f1,H:\Qwen3.5-9B-official-hf,captured,cuda
captured,0,0,key_only_random,3.5,3.5,0.9921875,7.3125,92.0,0.9912298321723938,1.0,1.0,0.887499988079071,1.0,0.006256103515625,0.00015163421630859375,317440.0,0.60546875,0.010083199988002889,0.002927499997895211,17.40087890625,coding-ca766984,coding,ca7669847a89be275954e36db2667fc58ca706b565d2790513a6931dfd2606f1,H:\Qwen3.5-9B-official-hf,captured,cuda
captured,0,0,key_only_block_so8_static,3.5,3.5,1.0,8.875,124.5,0.9857863187789917,1.0,1.0,0.875,1.0,0.0038604736328125,4.38690185546875e-05,317440.0,0.60546875,0.008589899996877648,0.002619200007757172,17.40087890625,coding-ca766984,coding,ca7669847a89be275954e36db2667fc58ca706b565d2790513a6931dfd2606f1,H:\Qwen3.5-9B-official-hf,captured,cuda
captured,0,0,key_only_block_so8_learned,3.5,3.5,1.0,9.125,123.0,0.9908266067504883,1.0,1.0,0.9125000238418579,1.0,0.0032501220703125,3.266334533691406e-05,317440.0,0.60546875,0.021831999998539686,0.00812670000595972,17.40380859375,coding-ca766984,coding,ca7669847a89be275954e36db2667fc58ca706b565d2790513a6931dfd2606f1,H:\Qwen3.5-9B-official-hf,captured,cuda
captured,0,0,protected_v,3.5,3.5,1.0,9.125,123.0,0.9908266067504883,1.0,1.0,0.9125000238418579,0.98828125,0.08056640625,0.011962890625,142464.0,0.271728515625,0.012815599999157712,0.003395399995497428,17.47216796875,coding-ca766984,coding,ca7669847a89be275954e36db2667fc58ca706b565d2790513a6931dfd2606f1,H:\Qwen3.5-9B-official-hf,captured,cuda
captured,0,0,protected_v_lowrank,3.5,3.5,1.0,9.125,123.0,0.9908266067504883,1.0,1.0,0.9125000238418579,0.98828125,0.0791015625,0.010986328125,146560.0,0.279541015625,0.038366699998732656,0.002656399999978021,20.994140625,coding-ca766984,coding,ca7669847a89be275954e36db2667fc58ca706b565d2790513a6931dfd2606f1,H:\Qwen3.5-9B-official-hf,captured,cuda
captured,0,0,full_kv,3.5,3.5,0.9921875,7.3125,92.0,0.9912298321723938,1.0,1.0,0.887499988079071,0.98828125,0.078125,0.010009765625,109568.0,0.208984375,0.131996900003287,0.0029869999998481944,17.451171875,coding-ca766984,coding,ca7669847a89be275954e36db2667fc58ca706b565d2790513a6931dfd2606f1,H:\Qwen3.5-9B-official-hf,captured,cuda
captured,0,0,key_only_random,4,4.0,0.9921875,4.75,37.0,0.9940020442008972,1.0,1.0,0.9375,1.0,0.0026702880859375,2.777576446533203e-05,329728.0,0.62890625,0.005586999992374331,0.002250000005005859,17.53369140625,coding-ca766984,coding,ca7669847a89be275954e36db2667fc58ca706b565d2790513a6931dfd2606f1,H:\Qwen3.5-9B-official-hf,captured,cuda
captured,0,0,key_only_block_so8_static,4,4.0,1.0,7.78125,109.0,0.9904738068580627,1.0,1.0,0.875,1.0,0.003631591796875,4.220008850097656e-05,329728.0,0.62890625,0.013681299999007024,0.005323699995642528,17.53369140625,coding-ca766984,coding,ca7669847a89be275954e36db2667fc58ca706b565d2790513a6931dfd2606f1,H:\Qwen3.5-9B-official-hf,captured,cuda
captured,0,0,key_only_block_so8_learned,4,4.0,1.0,5.96875,56.0,0.9915826320648193,1.0,1.0,0.8999999761581421,1.0,0.0022125244140625,1.5616416931152344e-05,329728.0,0.62890625,0.013801000008243136,0.002023699998972006,17.53662109375,coding-ca766984,coding,ca7669847a89be275954e36db2667fc58ca706b565d2790513a6931dfd2606f1,H:\Qwen3.5-9B-official-hf,captured,cuda
captured,0,0,protected_v,4,4.0,1.0,5.96875,56.0,0.9915826320648193,1.0,1.0,0.8999999761581421,0.99609375,0.04296875,0.003631591796875,169472.0,0.3232421875,0.013226099996245466,0.0024982999893836677,17.55615234375,coding-ca766984,coding,ca7669847a89be275954e36db2667fc58ca706b565d2790513a6931dfd2606f1,H:\Qwen3.5-9B-official-hf,captured,cuda
captured,0,0,protected_v_lowrank,4,4.0,1.0,5.96875,56.0,0.9915826320648193,1.0,1.0,0.8999999761581421,0.99609375,0.041748046875,0.0031890869140625,173568.0,0.3310546875,0.017786500000511296,0.002555300001404248,20.9931640625,coding-ca766984,coding,ca7669847a89be275954e36db2667fc58ca706b565d2790513a6931dfd2606f1,H:\Qwen3.5-9B-official-hf,captured,cuda
captured,0,0,full_kv,4,4.0,0.9921875,4.75,37.0,0.9940020442008972,1.0,1.0,0.9375,0.99609375,0.05029296875,0.00408935546875,134144.0,0.255859375,0.013044100007391535,0.002802300004987046,17.5830078125,coding-ca766984,coding,ca7669847a89be275954e36db2667fc58ca706b565d2790513a6931dfd2606f1,H:\Qwen3.5-9B-official-hf,captured,cuda
captured,0,0,exact,exact,,1.0,0.0,0.0,1.0,1.0,1.0,1.0,1.0,0.0,0.0,393216.0,1.0,0.00028619999648071826,0.0027688999980455264,16.32421875,explain-359133ba,explain,359133bab8404030a172f8efff97876f8565184962bf2f2677de73be054779c6,H:\Qwen3.5-9B-official-hf,captured,cuda
captured,0,0,key_only_random,2,2.0,0.99609375,14.6875,332.0,0.9870306253433228,1.0,1.0,0.8999999761581421,0.9921875,0.01153564453125,0.0006866455078125,222720.0,0.56640625,0.011910799992620014,0.005430599994724616,17.34228515625,explain-359133ba,explain,359133bab8404030a172f8efff97876f8565184962bf2f2677de73be054779c6,H:\Qwen3.5-9B-official-hf,captured,cuda
captured,0,0,key_only_block_so8_static,2,2.0,1.0,13.8125,306.0,0.9855484366416931,1.0,1.0,0.9124999642372131,1.0,0.015869140625,0.001983642578125,222720.0,0.56640625,0.006894800011650659,0.002026799993473105,17.34228515625,explain-359133ba,explain,359133bab8404030a172f8efff97876f8565184962bf2f2677de73be054779c6,H:\Qwen3.5-9B-official-hf,captured,cuda
captured,0,0,key_only_block_so8_learned,2,2.0,0.99609375,16.25,432.0,0.97826087474823,1.0,1.0,0.8500000238418579,1.0,0.01165771484375,0.000774383544921875,222720.0,0.56640625,0.004504500000621192,0.0018458999984432012,17.34521484375,explain-359133ba,explain,359133bab8404030a172f8efff97876f8565184962bf2f2677de73be054779c6,H:\Qwen3.5-9B-official-hf,captured,cuda
captured,0,0,protected_v,2,2.0,0.99609375,16.25,432.0,0.97826087474823,1.0,1.0,0.8500000238418579,0.94921875,0.162109375,0.048095703125,80960.0,0.20589192708333334,0.016833000001497567,0.002056600002106279,17.36083984375,explain-359133ba,explain,359133bab8404030a172f8efff97876f8565184962bf2f2677de73be054779c6,H:\Qwen3.5-9B-official-hf,captured,cuda
captured,0,0,protected_v_lowrank,2,2.0,0.99609375,16.25,432.0,0.97826087474823,1.0,1.0,0.8500000238418579,0.96484375,0.16015625,0.045654296875,84032.0,0.21370442708333334,0.11203479999676347,0.004175099995336495,20.873046875,explain-359133ba,explain,359133bab8404030a172f8efff97876f8565184962bf2f2677de73be054779c6,H:\Qwen3.5-9B-official-hf,captured,cuda
captured,0,0,full_kv,2,2.0,0.99609375,14.6875,332.0,0.9870306253433228,1.0,1.0,0.8999999761581421,0.93359375,0.197265625,0.06396484375,51456.0,0.130859375,0.018418999999994412,0.0034288000024389476,17.3798828125,explain-359133ba,explain,359133bab8404030a172f8efff97876f8565184962bf2f2677de73be054779c6,H:\Qwen3.5-9B-official-hf,captured,cuda
captured,0,0,key_only_random,2.5,2.5,1.0,11.6875,205.0,0.9853013753890991,1.0,1.0,0.9125000238418579,0.9921875,0.0096435546875,0.00032806396484375,225792.0,0.57421875,0.009887799998978153,0.0039813000039430335,17.24267578125,explain-359133ba,explain,359133bab8404030a172f8efff97876f8565184962bf2f2677de73be054779c6,H:\Qwen3.5-9B-official-hf,captured,cuda
captured,0,0,key_only_block_so8_static,2.5,2.5,0.99609375,11.5625,230.0,0.9864130616188049,1.0,1.0,0.9124999642372131,0.984375,0.03076171875,0.00762939453125,225792.0,0.57421875,0.008041100008995272,0.003948999990825541,17.24267578125,explain-359133ba,explain,359133bab8404030a172f8efff97876f8565184962bf2f2677de73be054779c6,H:\Qwen3.5-9B-official-hf,captured,cuda
captured,0,0,key_only_block_so8_learned,2.5,2.5,0.99609375,13.0,272.0,0.9844367504119873,1.0,1.0,0.887499988079071,0.9921875,0.01153564453125,0.000640869140625,225792.0,0.57421875,0.014244799996959046,0.0037869999941904098,17.24560546875,explain-359133ba,explain,359133bab8404030a172f8efff97876f8565184962bf2f2677de73be054779c6,H:\Qwen3.5-9B-official-hf,captured,cuda
captured,0,0,protected_v,2.5,2.5,0.99609375,13.0,272.0,0.9844367504119873,1.0,1.0,0.887499988079071,0.95703125,0.162109375,0.0478515625,84032.0,0.21370442708333334,0.021019599997089244,0.005197999998927116,17.29833984375,explain-359133ba,explain,359133bab8404030a172f8efff97876f8565184962bf2f2677de73be054779c6,H:\Qwen3.5-9B-official-hf,captured,cuda
captured,0,0,protected_v_lowrank,2.5,2.5,0.99609375,13.0,272.0,0.9844367504119873,1.0,1.0,0.887499988079071,0.95703125,0.1591796875,0.04541015625,87104.0,0.22151692708333334,0.0223998000001302,0.00262470000598114,20.8740234375,explain-359133ba,explain,359133bab8404030a172f8efff97876f8565184962bf2f2677de73be054779c6,H:\Qwen3.5-9B-official-hf,captured,cuda
captured,0,0,full_kv,2.5,2.5,1.0,11.6875,205.0,0.9853013753890991,1.0,1.0,0.9125000238418579,0.95703125,0.1640625,0.04443359375,57600.0,0.146484375,0.019772400002693757,0.00625090001267381,17.28125,explain-359133ba,explain,359133bab8404030a172f8efff97876f8565184962bf2f2677de73be054779c6,H:\Qwen3.5-9B-official-hf,captured,cuda
captured,0,0,key_only_random,3.5,3.5,0.99609375,6.75,68.0,0.9903656244277954,1.0,1.0,0.9125000238418579,1.0,0.00396728515625,5.888938903808594e-05,238080.0,0.60546875,0.010081899992655963,0.004344200002378784,17.24267578125,explain-359133ba,explain,359133bab8404030a172f8efff97876f8565184962bf2f2677de73be054779c6,H:\Qwen3.5-9B-official-hf,captured,cuda
captured,0,0,key_only_block_so8_static,3.5,3.5,1.0,8.3125,112.5,0.9912302494049072,1.0,1.0,0.9249999523162842,1.0,0.006072998046875,0.00013065338134765625,238080.0,0.60546875,0.010373900004196912,0.00496479999856092,17.24267578125,explain-359133ba,explain,359133bab8404030a172f8efff97876f8565184962bf2f2677de73be054779c6,H:\Qwen3.5-9B-official-hf,captured,cuda
captured,0,0,key_only_block_so8_learned,3.5,3.5,1.0,7.84375,92.0,0.9887598752975464,1.0,1.0,0.9375,0.9921875,0.009521484375,0.0004177093505859375,238080.0,0.60546875,0.009104099997784942,0.0034002999891526997,17.24560546875,explain-359133ba,explain,359133bab8404030a172f8efff97876f8565184962bf2f2677de73be054779c6,H:\Qwen3.5-9B-official-hf,captured,cuda
captured,0,0,protected_v,3.5,3.5,1.0,7.84375,92.0,0.9887598752975464,1.0,1.0,0.9375,0.98046875,0.0888671875,0.01434326171875,107360.0,0.2730305989583333,0.015794099992490374,0.0042142000020248815,17.29833984375,explain-359133ba,explain,359133bab8404030a172f8efff97876f8565184962bf2f2677de73be054779c6,H:\Qwen3.5-9B-official-hf,captured,cuda
captured,0,0,protected_v_lowrank,3.5,3.5,1.0,7.84375,92.0,0.9887598752975464,1.0,1.0,0.9375,0.98046875,0.087890625,0.01361083984375,110432.0,0.2808430989583333,0.06569930000114255,0.005122400005348027,20.8740234375,explain-359133ba,explain,359133bab8404030a172f8efff97876f8565184962bf2f2677de73be054779c6,H:\Qwen3.5-9B-official-hf,captured,cuda
captured,0,0,full_kv,3.5,3.5,0.99609375,6.75,68.0,0.9903656244277954,1.0,1.0,0.9125000238418579,0.984375,0.0869140625,0.01263427734375,82176.0,0.208984375,0.03715689999808092,0.006174200010718778,17.28125,explain-359133ba,explain,359133bab8404030a172f8efff97876f8565184962bf2f2677de73be054779c6,H:\Qwen3.5-9B-official-hf,captured,cuda
captured,0,0,key_only_random,4,4.0,1.0,4.5,32.0,0.9945651888847351,1.0,1.0,0.949999988079071,1.0,0.004913330078125,0.000148773193359375,247296.0,0.62890625,0.01752140000462532,0.005411999998614192,17.34228515625,explain-359133ba,explain,359133bab8404030a172f8efff97876f8565184962bf2f2677de73be054779c6,H:\Qwen3.5-9B-official-hf,captured,cuda
captured,0,0,key_only_block_so8_static,4,4.0,1.0,6.03125,58.75,0.9940711259841919,1.0,1.0,0.9249999523162842,1.0,0.005462646484375,0.00022792816162109375,247296.0,0.62890625,0.015382400000817142,0.004612500008079223,17.34228515625,explain-359133ba,explain,359133bab8404030a172f8efff97876f8565184962bf2f2677de73be054779c6,H:\Qwen3.5-9B-official-hf,captured,cuda
captured,0,0,key_only_block_so8_learned,4,4.0,1.0,5.8125,50.25,0.9928359389305115,1.0,1.0,0.9750000238418579,0.9921875,0.003662109375,8.7738037109375e-05,247296.0,0.62890625,0.01021279999986291,0.003726099996129051,17.34521484375,explain-359133ba,explain,359133bab8404030a172f8efff97876f8565184962bf2f2677de73be054779c6,H:\Qwen3.5-9B-official-hf,captured,cuda
captured,0,0,protected_v,4,4.0,1.0,5.8125,50.25,0.9928359389305115,1.0,1.0,0.9750000238418579,1.0,0.04638671875,0.0038604736328125,127616.0,0.3245442708333333,0.018498899997211993,0.0023514000058639795,17.36083984375,explain-359133ba,explain,359133bab8404030a172f8efff97876f8565184962bf2f2677de73be054779c6,H:\Qwen3.5-9B-official-hf,captured,cuda
captured,0,0,protected_v_lowrank,4,4.0,1.0,5.8125,50.25,0.9928359389305115,1.0,1.0,0.9750000238418579,1.0,0.0458984375,0.003692626953125,130688.0,0.3323567708333333,0.02883859998837579,0.006038500010618009,20.873046875,explain-359133ba,explain,359133bab8404030a172f8efff97876f8565184962bf2f2677de73be054779c6,H:\Qwen3.5-9B-official-hf,captured,cuda
captured,0,0,full_kv,4,4.0,1.0,4.5,32.0,0.9945651888847351,1.0,1.0,0.949999988079071,0.9921875,0.05517578125,0.005096435546875,100608.0,0.255859375,0.0191047999978764,0.003378100009285845,17.3798828125,explain-359133ba,explain,359133bab8404030a172f8efff97876f8565184962bf2f2677de73be054779c6,H:\Qwen3.5-9B-official-hf,captured,cuda
captured,0,0,exact,exact,,1.0,0.0,0.0,1.0,1.0,1.0,1.0,1.0,0.0,0.0,753664.0,1.0,0.0005584000027738512,0.0013257999962661415,16.3681640625,reasoning-30ae1199,reasoning,30ae119902afb94a1eec462127d49b5709480c490c445bbdfd034ca15a224192,H:\Qwen3.5-9B-official-hf,captured,cuda
captured,0,0,key_only_random,2,2.0,0.99609375,13.875,324.0,0.9704380035400391,1.0,1.0,0.7625000476837158,0.99609375,0.01220703125,0.00098419189453125,426880.0,0.56640625,0.009146099997451529,0.0035604000004241243,17.869140625,reasoning-30ae1199,reasoning,30ae119902afb94a1eec462127d49b5709480c490c445bbdfd034ca15a224192,H:\Qwen3.5-9B-official-hf,captured,cuda
captured,0,0,key_only_block_so8_static,2,2.0,1.0,16.625,414.0,0.969861626625061,1.0,1.0,0.7375000715255737,1.0,0.01220703125,0.0013275146484375,426880.0,0.56640625,0.00941189999866765,0.003073900006711483,17.869140625,reasoning-30ae1199,reasoning,30ae119902afb94a1eec462127d49b5709480c490c445bbdfd034ca15a224192,H:\Qwen3.5-9B-official-hf,captured,cuda
captured,0,0,key_only_block_so8_learned,2,2.0,0.99609375,17.125,476.0,0.9718543291091919,1.0,1.0,0.7625000476837158,0.99609375,0.009033203125,0.000324249267578125,426880.0,0.56640625,0.005636200003209524,0.0024433999933535233,17.8720703125,reasoning-30ae1199,reasoning,30ae119902afb94a1eec462127d49b5709480c490c445bbdfd034ca15a224192,H:\Qwen3.5-9B-official-hf,captured,cuda
captured,0,0,protected_v,2,2.0,0.99609375,17.125,476.0,0.9718543291091919,1.0,1.0,0.7625000476837158,0.953125,0.1796875,0.0615234375,153296.0,0.20340098505434784,0.0163027999951737,0.002620700004626997,17.89892578125,reasoning-30ae1199,reasoning,30ae119902afb94a1eec462127d49b5709480c490c445bbdfd034ca15a224192,H:\Qwen3.5-9B-official-hf,captured,cuda
captured,0,0,protected_v_lowrank,2,2.0,0.99609375,17.125,476.0,0.9718543291091919,1.0,1.0,0.7625000476837158,0.96484375,0.166015625,0.048583984375,159184.0,0.21121348505434784,0.034446500008925796,0.002510000005713664,21.20947265625,reasoning-30ae1199,reasoning,30ae119902afb94a1eec462127d49b5709480c490c445bbdfd034ca15a224192,H:\Qwen3.5-9B-official-hf,captured,cuda
captured,0,0,full_kv,2,2.0,0.99609375,13.875,324.0,0.9704380035400391,1.0,1.0,0.7625000476837158,0.94140625,0.2177734375,0.0830078125,98624.0,0.130859375,0.016979099993477575,0.003828500004601665,17.939453125,reasoning-30ae1199,reasoning,30ae119902afb94a1eec462127d49b5709480c490c445bbdfd034ca15a224192,H:\Qwen3.5-9B-official-hf,captured,cuda
captured,0,0,key_only_random,2.5,2.5,1.0,12.0625,238.0,0.9746705293655396,1.0,1.0,0.7875000238418579,1.0,0.01055908203125,0.00048828125,432768.0,0.57421875,0.015018599995528348,0.004819499998120591,17.67822265625,reasoning-30ae1199,reasoning,30ae119902afb94a1eec462127d49b5709480c490c445bbdfd034ca15a224192,H:\Qwen3.5-9B-official-hf,captured,cuda
captured,0,0,key_only_block_so8_static,2.5,2.5,0.99609375,15.5,378.0,0.9687746167182922,1.0,1.0,0.7625000476837158,1.0,0.01483154296875,0.0012664794921875,432768.0,0.57421875,0.014631899990490638,0.00557380000827834,17.67822265625,reasoning-30ae1199,reasoning,30ae119902afb94a1eec462127d49b5709480c490c445bbdfd034ca15a224192,H:\Qwen3.5-9B-official-hf,captured,cuda
captured,0,0,key_only_block_so8_learned,2.5,2.5,0.99609375,13.875,320.0,0.975872814655304,1.0,1.0,0.824999988079071,0.99609375,0.01202392578125,0.00121307373046875,432768.0,0.57421875,0.019290900003397837,0.007712000005994923,17.68115234375,reasoning-30ae1199,reasoning,30ae119902afb94a1eec462127d49b5709480c490c445bbdfd034ca15a224192,H:\Qwen3.5-9B-official-hf,captured,cuda
captured,0,0,protected_v,2.5,2.5,0.99609375,13.875,320.0,0.975872814655304,1.0,1.0,0.824999988079071,0.953125,0.1806640625,0.062255859375,159184.0,0.21121348505434784,0.023821299997507595,0.005097999994177371,17.77783203125,reasoning-30ae1199,reasoning,30ae119902afb94a1eec462127d49b5709480c490c445bbdfd034ca15a224192,H:\Qwen3.5-9B-official-hf,captured,cuda
captured,0,0,protected_v_lowrank,2.5,2.5,0.99609375,13.875,320.0,0.975872814655304,1.0,1.0,0.824999988079071,0.9609375,0.1669921875,0.04931640625,165072.0,0.21902598505434784,0.03726450000249315,0.004328200011514127,21.21044921875,reasoning-30ae1199,reasoning,30ae119902afb94a1eec462127d49b5709480c490c445bbdfd034ca15a224192,H:\Qwen3.5-9B-official-hf,captured,cuda
captured,0,0,full_kv,2.5,2.5,1.0,12.0625,238.0,0.9746705293655396,1.0,1.0,0.7875000238418579,0.95703125,0.1826171875,0.0576171875,110400.0,0.146484375,0.021707199994125403,0.003835900002741255,17.74951171875,reasoning-30ae1199,reasoning,30ae119902afb94a1eec462127d49b5709480c490c445bbdfd034ca15a224192,H:\Qwen3.5-9B-official-hf,captured,cuda
captured,0,0,key_only_random,3.5,3.5,1.0,7.34375,96.0,0.9877963662147522,1.0,1.0,0.824999988079071,0.99609375,0.0035858154296875,5.054473876953125e-05,456320.0,0.60546875,0.01523770000494551,0.004708300009951927,17.67822265625,reasoning-30ae1199,reasoning,30ae119902afb94a1eec462127d49b5709480c490c445bbdfd034ca15a224192,H:\Qwen3.5-9B-official-hf,captured,cuda
captured,0,0,key_only_block_so8_static,3.5,3.5,1.0,9.25,139.0,0.9855895042419434,1.0,1.0,0.824999988079071,0.99609375,0.00811767578125,0.0003452301025390625,456320.0,0.60546875,0.017256999999517575,0.005233999996562488,17.67822265625,reasoning-30ae1199,reasoning,30ae119902afb94a1eec462127d49b5709480c490c445bbdfd034ca15a224192,H:\Qwen3.5-9B-official-hf,captured,cuda
captured,0,0,key_only_block_so8_learned,3.5,3.5,1.0,9.0625,121.5,0.9873352646827698,1.0,1.0,0.8374999761581421,1.0,0.004638671875,9.965896606445312e-05,456320.0,0.60546875,0.010498900010134093,0.0035465999972075224,17.68115234375,reasoning-30ae1199,reasoning,30ae119902afb94a1eec462127d49b5709480c490c445bbdfd034ca15a224192,H:\Qwen3.5-9B-official-hf,captured,cuda
captured,0,0,protected_v,3.5,3.5,1.0,9.0625,121.5,0.9873352646827698,1.0,1.0,0.8374999761581421,0.98828125,0.09765625,0.0191650390625,203896.0,0.27053965692934784,0.027698299993062392,0.0075997999956598505,17.77783203125,reasoning-30ae1199,reasoning,30ae119902afb94a1eec462127d49b5709480c490c445bbdfd034ca15a224192,H:\Qwen3.5-9B-official-hf,captured,cuda
captured,0,0,protected_v_lowrank,3.5,3.5,1.0,9.0625,121.5,0.9873352646827698,1.0,1.0,0.8374999761581421,0.984375,0.09033203125,0.01513671875,209784.0,0.27835215692934784,0.04699360000086017,0.00602049998997245,21.21044921875,reasoning-30ae1199,reasoning,30ae119902afb94a1eec462127d49b5709480c490c445bbdfd034ca15a224192,H:\Qwen3.5-9B-official-hf,captured,cuda
captured,0,0,full_kv,3.5,3.5,1.0,7.34375,96.0,0.9877963662147522,1.0,1.0,0.824999988079071,0.98828125,0.0966796875,0.015869140625,157504.0,0.208984375,0.02502880000974983,0.005037199996877462,17.74951171875,reasoning-30ae1199,reasoning,30ae119902afb94a1eec462127d49b5709480c490c445bbdfd034ca15a224192,H:\Qwen3.5-9B-official-hf,captured,cuda
captured,0,0,key_only_random,4,4.0,1.0,4.84375,37.0,0.9917983412742615,1.0,1.0,0.8999999761581421,0.99609375,0.00173187255859375,1.4007091522216797e-05,473984.0,0.62890625,0.009348499996121973,0.0033848000020952895,17.869140625,reasoning-30ae1199,reasoning,30ae119902afb94a1eec462127d49b5709480c490c445bbdfd034ca15a224192,H:\Qwen3.5-9B-official-hf,captured,cuda
captured,0,0,key_only_block_so8_static,4,4.0,0.99609375,7.375,87.0,0.9913866519927979,1.0,1.0,0.887499988079071,1.0,0.00408935546875,6.389617919921875e-05,473984.0,0.62890625,0.010068400006275624,0.0033463999861851335,17.869140625,reasoning-30ae1199,reasoning,30ae119902afb94a1eec462127d49b5709480c490c445bbdfd034ca15a224192,H:\Qwen3.5-9B-official-hf,captured,cuda
captured,0,0,key_only_block_so8_learned,4,4.0,0.99609375,6.625,67.5,0.9924900531768799,1.0,1.0,0.9124999642372131,1.0,0.00506591796875,0.000156402587890625,473984.0,0.62890625,0.005663800009642728,0.0024487000046065077,17.8720703125,reasoning-30ae1199,reasoning,30ae119902afb94a1eec462127d49b5709480c490c445bbdfd034ca15a224192,H:\Qwen3.5-9B-official-hf,captured,cuda
captured,0,0,protected_v,4,4.0,0.99609375,6.625,67.5,0.9924900531768799,1.0,1.0,0.9124999642372131,0.98828125,0.05224609375,0.00537109375,242720.0,0.32205332880434784,0.021929700000328012,0.004972700000507757,17.89892578125,reasoning-30ae1199,reasoning,30ae119902afb94a1eec462127d49b5709480c490c445bbdfd034ca15a224192,H:\Qwen3.5-9B-official-hf,captured,cuda
captured,0,0,protected_v_lowrank,4,4.0,0.99609375,6.625,67.5,0.9924900531768799,1.0,1.0,0.9124999642372131,0.99609375,0.04833984375,0.00421142578125,248608.0,0.32986582880434784,0.017319000005954877,0.0020761000050697476,21.20947265625,reasoning-30ae1199,reasoning,30ae119902afb94a1eec462127d49b5709480c490c445bbdfd034ca15a224192,H:\Qwen3.5-9B-official-hf,captured,cuda
captured,0,0,full_kv,4,4.0,1.0,4.84375,37.0,0.9917983412742615,1.0,1.0,0.8999999761581421,0.99609375,0.059814453125,0.00628662109375,192832.0,0.255859375,0.011087799997767434,0.0025335999962408096,17.939453125,reasoning-30ae1199,reasoning,30ae119902afb94a1eec462127d49b5709480c490c445bbdfd034ca15a224192,H:\Qwen3.5-9B-official-hf,captured,cuda
captured,0,0,exact,exact,,1.0,0.0,0.0,1.0,1.0,1.0,1.0,1.0,0.0,0.0,720896.0,1.0,0.000331900009769015,0.00037760000850539654,16.3642578125,summary-42f56222,summary,42f562224f59c159e64b383049a08972709be617bc7dadf6a89ebec35a0a2060,H:\Qwen3.5-9B-official-hf,captured,cuda
captured,0,0,key_only_random,2,2.0,0.99609375,14.0,310.0,0.9800475835800171,1.0,1.0,0.862500011920929,1.0,0.004913330078125,8.153915405273438e-05,408320.0,0.56640625,0.007631200001924299,0.004492799998843111,17.8212890625,summary-42f56222,summary,42f562224f59c159e64b383049a08972709be617bc7dadf6a89ebec35a0a2060,H:\Qwen3.5-9B-official-hf,captured,cuda
captured,0,0,key_only_block_so8_static,2,2.0,0.99609375,16.625,434.0,0.976347804069519,1.0,1.0,0.875,1.0,0.01312255859375,0.00180816650390625,408320.0,0.56640625,0.005210899995290674,0.002754599991021678,17.8212890625,summary-42f56222,summary,42f562224f59c159e64b383049a08972709be617bc7dadf6a89ebec35a0a2060,H:\Qwen3.5-9B-official-hf,captured,cuda
captured,0,0,key_only_block_so8_learned,2,2.0,1.0,17.125,470.0,0.9746866226196289,1.0,1.0,0.824999988079071,1.0,0.006988525390625,0.000232696533203125,408320.0,0.56640625,0.004761700009112246,0.0018706999981077388,17.82421875,summary-42f56222,summary,42f562224f59c159e64b383049a08972709be617bc7dadf6a89ebec35a0a2060,H:\Qwen3.5-9B-official-hf,captured,cuda
captured,0,0,protected_v,2,2.0,1.0,17.125,470.0,0.9746866226196289,1.0,1.0,0.824999988079071,0.95703125,0.1875,0.06396484375,146720.0,0.2035245028409091,0.013583599997218698,0.002157800001441501,17.85009765625,summary-42f56222,summary,42f562224f59c159e64b383049a08972709be617bc7dadf6a89ebec35a0a2060,H:\Qwen3.5-9B-official-hf,captured,cuda
captured,0,0,protected_v_lowrank,2,2.0,1.0,17.125,470.0,0.9746866226196289,1.0,1.0,0.824999988079071,0.96875,0.173828125,0.052734375,152352.0,0.2113370028409091,0.03305559999716934,0.0018811000045388937,21.17822265625,summary-42f56222,summary,42f562224f59c159e64b383049a08972709be617bc7dadf6a89ebec35a0a2060,H:\Qwen3.5-9B-official-hf,captured,cuda
captured,0,0,full_kv,2,2.0,0.99609375,14.0,310.0,0.9800475835800171,1.0,1.0,0.862500011920929,0.9375,0.2294921875,0.0849609375,94336.0,0.130859375,0.012188599997898564,0.0024255999887827784,17.888671875,summary-42f56222,summary,42f562224f59c159e64b383049a08972709be617bc7dadf6a89ebec35a0a2060,H:\Qwen3.5-9B-official-hf,captured,cuda
captured,0,0,key_only_random,2.5,2.5,1.0,10.75,187.0,0.9857105016708374,1.0,1.0,0.875,1.0,0.004547119140625,8.7738037109375e-05,413952.0,0.57421875,0.00946079999266658,0.003235700001823716,17.638671875,summary-42f56222,summary,42f562224f59c159e64b383049a08972709be617bc7dadf6a89ebec35a0a2060,H:\Qwen3.5-9B-official-hf,captured,cuda
captured,0,0,key_only_block_so8_static,2.5,2.5,1.0,14.375,332.0,0.9791980981826782,1.0,1.0,0.8499999642372131,1.0,0.01611328125,0.00141143798828125,413952.0,0.57421875,0.0107758000085596,0.00296840000373777,17.638671875,summary-42f56222,summary,42f562224f59c159e64b383049a08972709be617bc7dadf6a89ebec35a0a2060,H:\Qwen3.5-9B-official-hf,captured,cuda
captured,0,0,key_only_block_so8_learned,2.5,2.5,0.99609375,14.1875,318.0,0.9798965454101562,1.0,1.0,0.8624999523162842,0.99609375,0.00732421875,0.0002727508544921875,413952.0,0.57421875,0.008847299992339686,0.002841999987140298,17.6416015625,summary-42f56222,summary,42f562224f59c159e64b383049a08972709be617bc7dadf6a89ebec35a0a2060,H:\Qwen3.5-9B-official-hf,captured,cuda
captured,0,0,protected_v,2.5,2.5,0.99609375,14.1875,318.0,0.9798965454101562,1.0,1.0,0.8624999523162842,0.95703125,0.1875,0.06396484375,152352.0,0.2113370028409091,0.02531270000326913,0.005317100003594533,17.734375,summary-42f56222,summary,42f562224f59c159e64b383049a08972709be617bc7dadf6a89ebec35a0a2060,H:\Qwen3.5-9B-official-hf,captured,cuda
captured,0,0,protected_v_lowrank,2.5,2.5,0.99609375,14.1875,318.0,0.9798965454101562,1.0,1.0,0.8624999523162842,0.96875,0.173828125,0.052734375,157984.0,0.2191495028409091,0.02673050000157673,0.002900399995269254,21.17919921875,summary-42f56222,summary,42f562224f59c159e64b383049a08972709be617bc7dadf6a89ebec35a0a2060,H:\Qwen3.5-9B-official-hf,captured,cuda
captured,0,0,full_kv,2.5,2.5,1.0,10.75,187.0,0.9857105016708374,1.0,1.0,0.875,0.95703125,0.1943359375,0.060302734375,105600.0,0.146484375,0.015972799999872223,0.003612000000430271,17.70703125,summary-42f56222,summary,42f562224f59c159e64b383049a08972709be617bc7dadf6a89ebec35a0a2060,H:\Qwen3.5-9B-official-hf,captured,cuda
captured,0,0,key_only_random,3.5,3.5,1.0,7.46875,86.0,0.9932799935340881,1.0,1.0,0.9249999523162842,1.0,0.0047607421875,0.00010919570922851562,436480.0,0.60546875,0.007730299999821,0.00293059999239631,17.638671875,summary-42f56222,summary,42f562224f59c159e64b383049a08972709be617bc7dadf6a89ebec35a0a2060,H:\Qwen3.5-9B-official-hf,captured,cuda
captured,0,0,key_only_block_so8_static,3.5,3.5,1.0,7.875,101.0,0.9901653528213501,1.0,1.0,0.9375,1.0,0.004486083984375,9.012222290039062e-05,436480.0,0.60546875,0.008457799995085225,0.0029756999865639955,17.638671875,summary-42f56222,summary,42f562224f59c159e64b383049a08972709be617bc7dadf6a89ebec35a0a2060,H:\Qwen3.5-9B-official-hf,captured,cuda
captured,0,0,key_only_block_so8_learned,3.5,3.5,1.0,8.1875,111.0,0.989183783531189,1.0,1.0,0.887499988079071,1.0,0.0050048828125,0.0001735687255859375,436480.0,0.60546875,0.00981570000294596,0.004007800002000295,17.6416015625,summary-42f56222,summary,42f562224f59c159e64b383049a08972709be617bc7dadf6a89ebec35a0a2060,H:\Qwen3.5-9B-official-hf,captured,cuda
captured,0,0,protected_v,3.5,3.5,1.0,8.1875,111.0,0.989183783531189,1.0,1.0,0.887499988079071,0.984375,0.103515625,0.01953125,195120.0,0.2706631747159091,0.018674499995540828,0.0036933999945176765,17.734375,summary-42f56222,summary,42f562224f59c159e64b383049a08972709be617bc7dadf6a89ebec35a0a2060,H:\Qwen3.5-9B-official-hf,captured,cuda
captured,0,0,protected_v_lowrank,3.5,3.5,1.0,8.1875,111.0,0.989183783531189,1.0,1.0,0.887499988079071,0.98828125,0.09619140625,0.016357421875,200752.0,0.2784756747159091,0.0298973000026308,0.003547099986462854,21.17919921875,summary-42f56222,summary,42f562224f59c159e64b383049a08972709be617bc7dadf6a89ebec35a0a2060,H:\Qwen3.5-9B-official-hf,captured,cuda
captured,0,0,full_kv,3.5,3.5,1.0,7.46875,86.0,0.9932799935340881,1.0,1.0,0.9249999523162842,0.98828125,0.10205078125,0.0169677734375,150656.0,0.208984375,0.019511999998940155,0.0050672999932430685,17.70703125,summary-42f56222,summary,42f562224f59c159e64b383049a08972709be617bc7dadf6a89ebec35a0a2060,H:\Qwen3.5-9B-official-hf,captured,cuda
captured,0,0,key_only_random,4,4.0,1.0,5.1875,42.75,0.995299756526947,1.0,1.0,0.949999988079071,1.0,0.0022430419921875,2.014636993408203e-05,453376.0,0.62890625,0.008590400000684895,0.0023750999971525744,17.8212890625,summary-42f56222,summary,42f562224f59c159e64b383049a08972709be617bc7dadf6a89ebec35a0a2060,H:\Qwen3.5-9B-official-hf,captured,cuda
captured,0,0,key_only_block_so8_static,4,4.0,1.0,5.96875,56.0,0.9947145581245422,1.0,1.0,0.9375,1.0,0.00421142578125,7.390975952148438e-05,453376.0,0.62890625,0.006695100004435517,0.0019829999946523458,17.8212890625,summary-42f56222,summary,42f562224f59c159e64b383049a08972709be617bc7dadf6a89ebec35a0a2060,H:\Qwen3.5-9B-official-hf,captured,cuda
captured,0,0,key_only_block_so8_learned,4,4.0,1.0,6.625,74.0,0.9948655962944031,1.0,1.0,0.9375,1.0,0.0033416748046875,4.863739013671875e-05,453376.0,0.62890625,0.006001600006129593,0.002204500007792376,17.82421875,summary-42f56222,summary,42f562224f59c159e64b383049a08972709be617bc7dadf6a89ebec35a0a2060,H:\Qwen3.5-9B-official-hf,captured,cuda
captured,0,0,protected_v,4,4.0,1.0,6.625,74.0,0.9948655962944031,1.0,1.0,0.9375,0.99609375,0.053955078125,0.0052490234375,232256.0,0.3221768465909091,0.018014000001130626,0.0022089999984018505,17.85009765625,summary-42f56222,summary,42f562224f59c159e64b383049a08972709be617bc7dadf6a89ebec35a0a2060,H:\Qwen3.5-9B-official-hf,captured,cuda
captured,0,0,protected_v_lowrank,4,4.0,1.0,6.625,74.0,0.9948655962944031,1.0,1.0,0.9375,1.0,0.051513671875,0.004608154296875,237888.0,0.3299893465909091,0.03606880000734236,0.004090499991434626,21.17822265625,summary-42f56222,summary,42f562224f59c159e64b383049a08972709be617bc7dadf6a89ebec35a0a2060,H:\Qwen3.5-9B-official-hf,captured,cuda
captured,0,0,full_kv,4,4.0,1.0,5.1875,42.75,0.995299756526947,1.0,1.0,0.949999988079071,0.99609375,0.06591796875,0.007080078125,184448.0,0.255859375,0.013825099988025613,0.002485700009856373,17.888671875,summary-42f56222,summary,42f562224f59c159e64b383049a08972709be617bc7dadf6a89ebec35a0a2060,H:\Qwen3.5-9B-official-hf,captured,cuda
